60958,-54410755548446,36170,98146,-30828.6,32655.4,9.7,0.067,83335880,-80037,LOCKED,1.000030829000,60984583985684
60959,-54410755594789,18716,80692,-30764.4,32663.8,9.7,0.052,83335879,20627,LOCKED,1.000030764000,60985583954943
60960,-54410755622906,21085,83061,-30785.8,32475.4,9.7,0.051,83335880,-76250,LOCKED,1.000030786000,60986583930114
60961,-54410755726068,-48606,13370,-30836.9,33033.5,9.5,0.050,83335880,-49273,LOCKED,1.000030837000,60987584014543
60962,-54410755672434,32432,94408,-30722.1,33022.5,9.5,0.050,83335880,-65483,LOCKED,1.000030722000,60988584104092
60963,-54410755775627,-37283,24693,-30795.5,33402.6,9.6,0.042,83335879,-25608,LOCKED,1.000030795000,60989584184977
60964,-54410755805272,-35316,26660,-30776.8,33162.2,9.5,0.043,83335880,-24811,LOCKED,1.000030777000,60990584259281
60965,-54410755835427,-32270,29706,-30842.2,33443.4,9.9,0.029,83335878,-30616,LOCKED,1.000030842000,60991584353899
60966,-54410755855819,-20013,41963,-30897.7,33516.4,10.3,0.016,83335878,-13354,LOCKED,1.000030898000,60992584316516
60967,-54410755900492,-32706,29270,-30896.4,33502.9,10.4,0.011,83335879,-4047,LOCKED,1.000030896000,60993584410677
60968,-54410755887367,11844,73820,-30942.1,33143.8,10.5,0.002,83335878,15398,LOCKED,1.000030942000,60994584497438
60969,-54410755901723,26033,88009,-30867.6,33257.0,10.3,-0.001,83335879,34362,LOCKED,1.000030868000,60995584467701
60970,-54410755990076,-28069,33907,-30987.2,33028.0,10.5,-0.009,83335878,-26388,LOCKED,1.000030987000,60996584448163
60971,-54410756006600,-12730,49246,-31009.1,33073.1,10.6,-0.011,83335879,-2427,LOCKED,1.000031009000,60997584537437
60972,-54410756064422,-38144,23832,-31014.3,33134.3,10.8,-0.019,83335878,15540,LOCKED,1.000031014000,60998584639615
60973,-54410756009395,44488,106464,-30920.8,33659.1,10.5,-0.018,83335879,42427,LOCKED,1.000030921000,60999584605124
60974,-54410756056458,24760,86736,-30785.7,33073.5,10.5,-0.021,83335879,-74957,LOCKED,1.000030786000,61000584704154
60975,-54410756165912,-50004,11972,-30894.4,33724.1,11.2,-0.029,83335877,-42959,LOCKED,1.000030894000,61001584807359
60976,-54410756177267,-29370,32606,-30899.3,33766.5,11.3,-0.033,83335878,-27656,LOCKED,1.000030899000,61002584916162
60977,-54410756173474,5619,67595,-30923.2,33673.4,11.9,-0.039,83335877,9675,LOCKED,1.000030923000,61003584993955
60978,-54410756203639,4739,66715,-30850.5,33308.5,12.3,-0.045,83335877,16045,LOCKED,1.000030851000,61004585084199
60979,-54410756209781,28606,90582,-30856.8,33247.8,12.8,-0.049,83335877,37865,LOCKED,1.000030857000,61005585038178
60980,-54410756333279,-60967,1009,-30906.1,33971.1,13.0,-0.049,83335877,-59898,LOCKED,1.000030906000,61006584990946
60981,-54410756276268,25559,87535,-30880.3,34116.2,13.3,-0.052,83335877,-82774,LOCKED,1.000030880000,61007585085220
# STATS: PDUs=6596 CSV=6595 Gaps=0 Dups=0 Skip=0 d_min=-61976 ns drift=-30880.3 ns/s sigma=34116.2 ns state=LOCKED clk_err=+0 ns
60982,-54410756389814,-54849,7127,-30899.9,34412.0,13.9,-0.051,83335876,-43554,LOCKED,1.000030900000,61008585166742
60983,-54410756331403,31510,93486,-30807.2,34555.8,13.9,-0.047,83335877,-59916,LOCKED,1.000030807000,61009585229435
60984,-54410756457042,-57633,4343,-30990.9,34847.8,13.9,-0.042,83335877,-35585,LOCKED,1.000030991000,61010585314810
60985,-54410756479375,-46594,15382,-31030.3,35265.8,14.5,-0.041,83335876,-39350,LOCKED,1.000031030000,61011585391825
60986,-54410756503124,-35618,26358,-31152.7,35292.3,14.7,-0.038,83335877,-25596,LOCKED,1.000031153000,61012585483217
60987,-54410756518903,-19747,42229,-31144.2,35236.4,14.9,-0.040,83335877,-3120,LOCKED,1.000031144000,61013585557539
60988,-54410756539493,-7168,54808,-31231.8,34767.7,14.9,-0.034,83335878,2799,LOCKED,1.000031232000,61014585630878
60989,-54410756573060,-8961,53015,-31243.6,34787.7,15.0,-0.027,83335877,2518,LOCKED,1.000031244000,61015585699995
60990,-54410756568242,27078,89054,-31287.6,34256.1,14.8,-0.012,83335877,34322,LOCKED,1.000031288000,61016585650656
60991,-54410756610659,15063,77039,-31269.2,34311.5,15.3,-0.010,83335876,29067,LOCKED,1.000031269000,61017585732243
60992,-54410756622244,34462,96438,-31312.6,33682.9,15.4,0.001,83335877,38542,LOCKED,1.000031313000,61018585798476
60993,-54410756648383,37702,99678,-31280.3,33968.6,15.8,0.007,83335876,43940,LOCKED,1.000031280000,61019585865331
60994,-54410756685728,28638,90614,-31180.6,33974.7,15.6,0.021,83335878,34231,LOCKED,1.000031181000,61020585831542
60995,-54410756715848,29152,91128,-31202.3,33736.0,15.6,0.039,83335877,-73166,LOCKED,1.000031202000,61021585898468
60996,-54410756854045,-71328,0,-31403.8,34596.8,15.6,0.050,83335877,-68240,LOCKED,1.000031404000,61022585993609
60997,-54410756780605,31305,102633,-31347.3,34856.7,16.0,0.064,83335876,33293,LOCKED,1.000031347000,61023585939910
60998,-54410756824585,19187,90515,-31404.6,34236.8,16.1,0.068,83335877,22850,LOCKED,1.000031405000,61024586004107
60999,-54410756863716,10901,82229,-31395.2,34260.5,16.1,0.085,83335877,9300,LOCKED,1.000031395000,61025585962569
61000,-54410756979075,-67937,3391,-31534.1,35448.0,16.5,0.096,83335876,-78648,LOCKED,1.000031534000,61026586044364
61001,-54410756902474,39615,110943,-31571.4,34886.4,16.9,0.058,83335876,28405,LOCKED,1.000031571000,61027586007377
61002,-54410756943232,27708,99036,-31483.8,34958.3,17.1,0.032,83335877,-77663,LOCKED,1.000031484000,61028586088362
61003,-54410757064207,-57016,14312,-31623.2,35675.0,17.1,0.025,83335877,-60404,LOCKED,1.000031623000,61029586164310
61004,-54410757004757,30462,101790,-31497.2,35471.0,17.0,0.037,83335878,-77301,LOCKED,1.000031497000,61030586236513
61005,-54410757121176,-50143,21185,-31625.9,35980.1,16.8,0.051,83335877,-46844,LOCKED,1.000031626000,61031586317069
61006,-54410757144541,-40289,31039,-31637.1,36100.9,16.4,0.086,83335878,-40156,LOCKED,1.000031637000,61032586404861
61007,-54410757151464,-13574,57754,-31712.8,35923.2,16.4,0.094,83335877,-11834,LOCKED,1.000031713000,61033586478764
61008,-54410757176481,-7299,64029,-31680.0,35762.7,16.1,0.123,83335878,-268,LOCKED,1.000031680000,61034586554450
61009,-54410757198804,3435,74763,-31753.5,35232.1,16.0,0.095,83335877,7347,LOCKED,1.000031753000,61035586639015
61010,-54410757208561,23808,95136,-31713.3,35379.9,16.0,0.088,83335878,27828,LOCKED,1.000031713000,61036586588098
61011,-54410757243767,18132,89460,-31636.2,35291.2,15.6,0.079,83335878,31820,LOCKED,1.000031636000,61037586653943
61012,-54410757273157,19321,90649,-31616.4,35371.7,15.6,0.064,83335877,26249,LOCKED,1.000031616000,61038586736245
61013,-54410757284910,34956,106284,-31466.7,35026.0,15.3,0.060,83335878,40052,LOCKED,1.000031467000,61039586807120
61014,-54410757316129,33418,104746,-31434.6,35259.3,15.5,0.040,83335876,42335,LOCKED,1.000031435000,61040586762981
61015,-54410757360065,18265,89593,-31334.6,34953.1,14.7,0.030,83335877,-78756,LOCKED,1.000031335000,61041586860498
61016,-54410757457392,-43567,27761,-31466.6,35188.0,13.9,0.014,83335876,-38701,LOCKED,1.000031467000,61042586946228
61017,-54410757501233,-52739,18589,-31536.2,35865.6,13.8,0.009,83335877,-40117,LOCKED,1.000031536000,61043587041860
61018,-54410757500211,-20182,51146,-31502.5,35569.7,13.3,0.005,83335877,-21449,LOCKED,1.000031502000,61044587142475
61019,-54410757515577,-4669,66659,-31464.0,35391.6,13.3,-0.005,83335876,2071,LOCKED,1.000031464000,61045587115606
61020,-54410757589704,-45309,26019,-31488.0,35664.8,12.7,0.000,83335878,-44311,LOCKED,1.000031488000,61046587089488
61021,-54410757627078,-46550,24778,-31638.8,35822.0,12.0,-0.000,83335877,-37869,LOCKED,1.000031639000,61047587167751
61022,-54410757633515,-21340,49988,-31603.6,35496.5,11.5,-0.005,83335876,-24172,LOCKED,1.000031604000,61048587263919
61023,-54410757640080,4393,75721,-31645.1,35296.3,11.3,-0.009,83335876,5449,LOCKED,1.000031645000,61049587355510
61024,-54410757650678,24715,96043,-31650.7,35253.1,10.5,-0.006,83335877,27572,LOCKED,1.000031651000,61050587443649
61025,-54410757653249,51210,122538,-31608.9,35738.9,10.5,-0.001,83335878,54209,LOCKED,1.000031609000,61051587406712
61026,-54410757780552,-41048,30280,-31709.5,36103.3,10.4,-0.000,83335877,-45217,LOCKED,1.000031709000,61052587392143
61027,-54410757793340,-19626,51702,-31799.7,35942.3,10.1,0.007,83335878,-30419,LOCKED,1.000031800000,61053587480150
61028,-54410757816239,-10367,60961,-31800.1,35943.4,10.0,0.008,83335877,-19244,LOCKED,1.000031800000,61054587575432
61029,-54410757823796,12042,83370,-31730.0,35779.9,9.6,0.013,83335877,7445,LOCKED,1.000031730000,61055587538731
61030,-54410757836147,30255,101583,-31723.0,35837.4,9.5,0.015,83335877,-78268,LOCKED,1.000031723000,61056587521535
61031,-54410757940288,-39026,32302,-31812.3,36191.4,9.1,0.018,83335876,-37239,LOCKED,1.000031812000,61057587619789
61032,-54410757948073,-12687,58641,-31904.8,35821.2,9.6,0.016,83335875,-13460,LOCKED,1.000031905000,61058587714684
61033,-54410757951562,13252,84580,-31805.1,35374.1,9.1,0.021,83335876,14442,LOCKED,1.000031805000,61059587798300
61034,-54410757973708,20359,91687,-31713.5,35217.3,8.5,0.029,83335877,25663,LOCKED,1.000031714000,61060587869279
61035,-54410757999071,26404,97732,-31742.5,34915.7,8.7,0.028,83335876,27792,LOCKED,1.000031743000,61061587942929
61036,-54410758019464,36119,107447,-31722.3,35099.9,8.6,0.031,83335876,38255,LOCKED,1.000031722000,61062588010938
61037,-54410758046010,38260,109588,-31636.9,35453.8,8.7,0.031,83335876,38344,LOCKED,1.000031637000,61063588078717
61038,-54410758070216,42251,113579,-31538.1,35864.3,8.9,0.034,83335878,39111,LOCKED,1.000031538000,61064588045586
61039,-54410758114084,26578,97906,-31418.0,35592.7,9.0,0.034,83335876,-81563,LOCKED,1.000031418000,61065588117620
61040,-54410758202842,-27219,44109,-31546.9,35227.9,8.9,0.035,83335877,-30371,LOCKED,1.000031547000,61066588064975
61041,-54410758241587,-33449,37879,-31538.7,35140.9,8.9,0.037,83335877,-41439,LOCKED,1.000031539000,61067588145607
# STATS: PDUs=6656 CSV=6655 Gaps=0 Dups=0 Skip=0 d_min=-71328 ns drift=-31538.7 ns/s sigma=35140.9 ns state=LOCKED clk_err=+0 ns
61042,-54410758265181,-22431,48897,-31652.5,34798.2,9.0,0.032,83335878,-29965,LOCKED,1.000031652000,61068588230134
61043,-54410758291536,-17481,53847,-31606.3,34367.0,9.0,0.034,83335877,-14540,LOCKED,1.000031606000,61069588317682
61044,-54410758307921,-521,70807,-31690.9,33749.7,9.2,0.035,83335878,-2128,LOCKED,1.000031691000,61070588389061
61045,-54410758338052,2363,73691,-31759.9,33271.9,9.1,0.029,83335877,-1385,LOCKED,1.000031760000,61071588470181
61046,-54410758365280,7664,78992,-31810.6,32916.2,9.2,0.031,83335876,2878,LOCKED,1.000031811000,61072588541086
61047,-54410758399469,5702,77030,-31840.5,32779.6,9.3,0.034,83335876,2638,LOCKED,1.000031841000,61073588622978
61048,-54410758426007,10719,82047,-31844.4,32765.0,9.2,0.049,83335876,8780,LOCKED,1.000031844000,61074588707020
61049,-54410758440545,26708,98036,-31824.1,32900.9,9.2,0.052,83335877,22344,LOCKED,1.000031824000,61075588661269
61050,-54410758559285,-57006,14322,-31886.6,33674.3,9.2,0.056,83335877,-67174,LOCKED,1.000031887000,61076588614155
61051,-54410758502086,29650,100978,-31816.5,33885.2,9.3,0.044,83335878,-85003,LOCKED,1.000031816000,61077588711947
61052,-54410758519268,40327,111655,-31689.1,34043.1,9.3,0.044,83335877,-54028,LOCKED,1.000031689000,61078588794594
61053,-54410758546033,40924,112252,-31544.5,34029.0,9.2,0.032,83335877,-43515,LOCKED,1.000031544000,61079588871873
61054,-54410758664975,-44789,26539,-31552.7,34136.6,9.0,0.047,83335877,-19581,LOCKED,1.000031553000,61080588949251
61055,-54410758685333,-32834,38494,-31535.3,33934.0,9.0,0.063,83335878,-20049,LOCKED,1.000031535000,61081589042835
61056,-54410758695288,-8451,62877,-31659.1,32888.4,9.1,0.080,83335878,5135,LOCKED,1.000031659000,61082589002497
61057,-54410758714301,2644,73972,-31587.2,32475.6,9.3,0.094,83335879,15460,LOCKED,1.000031587000,61083589088111
61058,-54410758726604,19545,90873,-31502.6,32349.7,9.5,0.125,83335879,34111,LOCKED,1.000031503000,61084589154010
61059,-54410758758790,16843,88171,-31431.4,32269.3,9.4,0.144,83335878,33447,LOCKED,1.000031431000,61085589102223
61060,-54410758861773,-49221,22107,-31619.2,32002.8,10.0,0.174,83335880,-46334,LOCKED,1.000031619000,61086589185488
61061,-54410758880964,-35886,35442,-31604.0,31801.5,9.9,0.191,83335879,-37207,LOCKED,1.000031604000,61087589262173
61062,-54410758900345,-23364,47964,-31579.7,31557.3,10.0,0.203,83335879,-21559,LOCKED,1.000031580000,61088589359907
61063,-54410758902303,7532,78860,-31654.9,30822.3,10.0,0.202,83335878,16125,LOCKED,1.000031655000,61089589430439
61064,-54410758937324,2647,73975,-31584.7,30402.3,10.0,0.201,83335878,21805,LOCKED,1.000031585000,61090589500594
61065,-54410758993262,-18805,52523,-31696.0,29899.4,10.0,0.210,83335879,35030,LOCKED,1.000031696000,61091589484679
61066,-54410759056413,-45654,25674,-31846.5,30044.7,10.1,0.200,83335877,-51475,LOCKED,1.000031846000,61092589564316
61067,-54410759081906,-36090,35238,-31944.2,30324.7,10.2,0.208,83335879,-37697,LOCKED,1.000031944000,61093589656844
61068,-54410759079430,-1049,70279,-31973.0,30253.1,10.2,0.208,83335878,-8493,LOCKED,1.000031973000,61094589761841
61069,-54410759067055,40711,112039,-31913.6,30740.1,10.2,0.208,83335878,39104,LOCKED,1.000031914000,61095589721763
61070,-54410759142951,-3602,67726,-31891.3,30664.1,10.1,0.208,83335878,-9034,LOCKED,1.000031891000,61096589689189
61071,-54410759162672,7544,78872,-31853.5,30622.3,10.0,0.209,83335878,2827,LOCKED,1.000031854000,61097589767652
61072,-54410759192054,8774,80102,-31807.1,30551.1,10.1,0.203,83335877,22433,LOCKED,1.000031807000,61098589841744
61073,-54410759225435,5422,76750,-31728.7,30090.3,10.0,0.205,83335878,28637,LOCKED,1.000031729000,61099589810148
61074,-54410759291786,-28726,42602,-31704.1,29781.9,10.0,0.199,83335877,-75324,LOCKED,1.000031704000,61100589902971
61075,-54410759351547,-54172,17156,-31742.2,30358.7,10.0,0.200,83335878,-43195,LOCKED,1.000031742000,61101589988810
61076,-54410759381062,-47474,23854,-31882.9,30714.3,9.9,0.194,83335877,-28768,LOCKED,1.000031883000,61102590081137
61077,-54410759359311,7384,78712,-31955.4,30009.5,10.0,0.190,83335877,1068,LOCKED,1.000031955000,61103590170292
61078,-54410759360633,36175,107503,-31925.1,30300.6,10.0,0.187,83335877,33582,LOCKED,1.000031925000,61104590253315
61079,-54410759378031,47483,118811,-31846.0,30977.5,9.9,0.186,83335878,47595,LOCKED,1.000031846000,61105590219035
61080,-54410759474968,-15026,56302,-31947.9,30487.8,9.8,0.189,83335878,-17769,LOCKED,1.000031948000,61106590188185
61081,-54410759491308,2279,73607,-32035.2,29658.4,9.9,0.187,83335877,-9544,LOCKED,1.000032035000,61107590278570
61082,-54410759506505,18875,90203,-32054.7,29488.8,9.9,0.187,83335879,10279,LOCKED,1.000032055000,61108590375829
61083,-54410759512525,42186,113514,-31991.1,30029.3,9.9,0.182,83335877,36987,LOCKED,1.000031991000,61109590352504
61084,-54410759541297,41901,113229,-31888.6,30480.9,10.1,0.185,83335879,-66570,LOCKED,1.000031889000,61110590443253
61085,-54410759654429,-38401,32927,-31870.9,30213.6,10.0,0.190,83335878,-36731,LOCKED,1.000031871000,61111590416942
61086,-54410759710972,-57475,13853,-32050.4,30603.8,10.0,0.190,83335878,-69863,LOCKED,1.000032050000,61112590389081
61087,-54410759737945,-47963,23365,-32188.5,31008.1,10.1,0.197,83335879,-60009,LOCKED,1.000032189000,61113590488228
61088,-54410759750323,-25476,45852,-32277.7,31009.5,10.1,0.198,83335878,-33897,LOCKED,1.000032278000,61114590584054
61089,-54410759763040,-5420,65908,-32293.0,31015.0,10.3,0.200,83335879,-12993,LOCKED,1.000032293000,61115590554767
61090,-54410759747345,39261,110589,-32195.8,31393.0,10.5,0.202,83335879,-67255,LOCKED,1.000032196000,61116590655486
61091,-54410759850778,-28123,43205,-32338.5,30787.1,10.4,0.196,83335878,-22347,LOCKED,1.000032338000,61117590756403
61092,-54410759846771,8801,80129,-32381.6,30474.9,9.9,0.184,83335878,4434,LOCKED,1.000032382000,61118590839333
61093,-54410759881701,6063,77391,-32382.3,30473.2,10.0,0.178,83335879,7939,LOCKED,1.000032382000,61119590928568
61094,-54410759892056,26147,97475,-32330.4,30675.7,10.0,0.177,83335878,25525,LOCKED,1.000032330000,61120590999724
61095,-54410759914845,32979,104307,-32252.1,30960.6,9.9,0.169,83335878,36351,LOCKED,1.000032252000,61121591083191
61096,-54410759923187,52341,123669,-32115.7,31576.9,9.9,0.159,83335879,57858,LOCKED,1.000032116000,61122591036353
61097,-54410759960522,42901,114229,-31979.6,31762.3,9.8,0.149,83335877,-62569,LOCKED,1.000031980000,61123591112298
61098,-54410759996730,34610,105938,-31837.6,31483.6,9.7,0.156,83335878,-58735,LOCKED,1.000031838000,61124591198836
61099,-54410760024856,34535,105863,-31708.9,31390.9,9.6,0.146,83335877,-50132,LOCKED,1.000031709000,61125591280260
61100,-54410760110063,-17254,54074,-31764.2,31418.5,9.7,0.145,83335877,3493,LOCKED,1.000031764000,61126591251177
61101,-54410760123448,1814,73142,-31801.1,31265.7,9.7,0.142,83335878,11780,LOCKED,1.000031801000,61127591325820
# STATS: PDUs=6716 CSV=6715 Gaps=0 Dups=0 Skip=0 d_min=-71328 ns drift=-31801.1 ns/s sigma=31265.7 ns state=LOCKED clk_err=+0 ns
61102,-54410760155438,2059,73387,-31825.9,31189.6,9.7,0.155,83335877,17366,LOCKED,1.000031826000,61128591391204
61103,-54410760200243,-9818,61510,-31863.7,31177.2,9.7,0.153,83335878,428,LOCKED,1.000031864000,61129591469872
61104,-54410760219390,2625,73953,-31854.6,31177.3,9.7,0.148,83335878,7658,LOCKED,1.000031855000,61130591542903
61105,-54410760237752,14919,86247,-31820.5,31237.0,10.1,0.114,83335877,14754,LOCKED,1.000031821000,61131591623477
61106,-54410760257321,25071,96399,-31759.1,31392.7,9.9,0.086,83335878,30771,LOCKED,1.000031759000,61132591697112
61107,-54410760282511,29277,100605,-31691.7,31619.1,9.6,0.058,83335878,35889,LOCKED,1.000031692000,61133591782979
61108,-54410760295461,44364,115692,-31585.9,32114.8,9.3,0.029,83335878,51073,LOCKED,1.000031586000,61134591848416
61109,-54410760324359,42802,114130,-31448.2,32274.2,9.3,0.028,83335879,46298,LOCKED,1.000031448000,61135591799645
61110,-54410760439676,-36811,34517,-31596.2,32013.8,9.2,0.011,83335878,-38567,LOCKED,1.000031596000,61136591759892
61111,-54410760458468,-23666,47662,-31573.5,31788.4,9.3,0.027,83335879,-39880,LOCKED,1.000031573000,61137591831798
61112,-54410760497426,-30788,40540,-31535.1,31253.3,9.2,0.042,83335879,-39680,LOCKED,1.000031535000,61138591921196
61113,-54410760510780,-13788,57540,-31454.0,30229.3,9.3,0.030,83335877,-15394,LOCKED,1.000031454000,61139591993932
61114,-54410760537780,-7935,63393,-31509.6,30075.8,9.3,0.019,83335877,-13270,LOCKED,1.000031510000,61140592071034
61115,-54410760566710,-4522,66806,-31543.0,30017.1,9.4,0.028,83335879,-8377,LOCKED,1.000031543000,61141592156357
61116,-54410760614273,-19402,48535,-31566.8,30122.0,9.4,0.026,83335878,-25834,LOCKED,1.000031567000,61142592138490
61117,-54410760637833,-11258,56679,-31554.7,30060.1,9.3,0.024,83335878,-14694,LOCKED,1.000031555000,61143592232399
61118,-54410760629203,25770,93707,-31442.5,29814.1,9.1,0.022,83335878,23677,LOCKED,1.000031442000,61144592303212
61119,-54410760664061,19532,87469,-31336.2,29407.5,9.2,0.021,83335878,30003,LOCKED,1.000031336000,61145592254818
61120,-54410760719264,-3153,64784,-31389.1,29180.9,8.7,0.027,83335879,-81487,LOCKED,1.000031389000,61146592229961
61121,-54410760808033,-56036,11901,-31516.8,30070.2,8.6,0.026,83335878,-59995,LOCKED,1.000031517000,61147592308005
61122,-54410760836990,-49737,18200,-31617.8,30801.0,8.6,0.032,83335879,-56825,LOCKED,1.000031618000,61148592402086
61123,-54410760850141,-29887,38050,-31636.0,30954.2,9.0,0.044,83335880,-31252,LOCKED,1.000031636000,61149592476932
61124,-54410760892300,-38330,29607,-31674.4,31309.6,10.0,0.060,83335881,-25626,LOCKED,1.000031674000,61150592557074
61125,-54410760927855,-39196,28741,-31757.3,31739.8,10.3,0.070,83335880,-15584,LOCKED,1.000031757000,61151592648056
61126,-54410760914880,6557,74494,-31818.4,31249.8,10.2,0.073,83335879,7427,LOCKED,1.000031818000,61152592737706
61127,-54410760923257,29306,97243,-31833.2,31082.2,10.4,0.082,83335880,32083,LOCKED,1.000031833000,61153592714708
61128,-54410760948367,33854,101791,-31782.7,31412.9,10.7,0.089,83335880,-65995,LOCKED,1.000031783000,61154592811953
61129,-54410761057777,-42259,25678,-31786.7,31467.7,10.8,0.087,83335878,-37189,LOCKED,1.000031787000,61155592914882
61130,-54410761040762,6212,74149,-31780.8,31476.6,10.8,0.086,83335878,8397,LOCKED,1.000031781000,61156592880112
61131,-54410761053935,22898,90835,-31724.4,31605.0,10.8,0.088,83335879,28097,LOCKED,1.000031724000,61157592964127
61132,-54410761073494,32348,100285,-31644.9,31859.7,10.7,0.087,83335879,41338,LOCKED,1.000031645000,61158592926721
61133,-54410761105208,29735,97672,-31569.3,32063.2,10.8,0.088,83335879,-71502,LOCKED,1.000031569000,61159593026914
61134,-54410761213022,-42838,25099,-31678.5,32479.6,10.9,0.090,83335880,-39385,LOCKED,1.000031678000,61160593119981
61135,-54410761227544,-22332,45605,-31806.0,31895.0,10.9,0.091,83335879,-22818,LOCKED,1.000031806000,61161593203926
61136,-54410761253709,-13858,54079,-31922.2,31148.0,10.8,0.088,83335879,-14859,LOCKED,1.000031922000,61162593283954
61137,-54410761273655,-1664,66273,-31930.1,31146.4,10.9,0.086,83335880,-6189,LOCKED,1.000031930000,61163593352025
61138,-54410761306018,-2877,65060,-31887.0,30924.5,11.0,0.084,83335880,-6836,LOCKED,1.000031887000,61164593427205
61139,-54410761334027,-523,67414,-31811.1,30347.7,11.2,0.086,83335880,-4994,LOCKED,1.000031811000,61165593508597
61140,-54410761323143,40040,107977,-31773.1,30730.4,11.9,0.088,83335881,40980,LOCKED,1.000031773000,61166593460803
61141,-54410761356900,35673,103610,-31715.3,31107.7,11.9,0.083,83335880,36699,LOCKED,1.000031715000,61167593543534
61142,-54410761376449,44233,112170,-31611.7,31617.9,12.0,0.088,83335880,47086,LOCKED,1.000031612000,61168593617624
61143,-54410761400447,47039,114976,-31453.7,31722.1,12.0,0.081,83335880,50953,LOCKED,1.000031454000,61169593687792
61144,-54410761436001,38466,106403,-31297.8,31411.7,12.1,0.086,83335880,41933,LOCKED,1.000031298000,61170593643307
61145,-54410761480543,24466,92403,-31301.5,31380.8,12.3,0.084,83335880,-83287,LOCKED,1.000031301000,61171593725472
61146,-54410761598925,-56785,11152,-31493.5,31510.4,12.5,0.081,83335880,-62705,LOCKED,1.000031494000,61172593702534
61147,-54410761542249,31141,99078,-31533.5,30938.2,12.9,0.084,83335881,-80728,LOCKED,1.000031533000,61173593793524
61148,-54410761659048,-49358,18579,-31685.6,31245.7,13.1,0.080,83335880,-46857,LOCKED,1.000031686000,61174593873733
61149,-54410761691828,-46411,21526,-31806.9,31724.3,13.2,0.083,83335880,-51460,LOCKED,1.000031807000,61175593958964
61150,-54410761694971,-17309,50628,-31799.6,31677.4,13.3,0.087,83335880,-10682,LOCKED,1.000031800000,61176593924736
61151,-54410761712948,-1616,66321,-31888.9,30962.8,13.7,0.078,83335881,2082,LOCKED,1.000031889000,61177593999763
61152,-54410761747527,-3464,64473,-31924.6,30881.4,14.1,0.067,83335881,-141,LOCKED,1.000031925000,61178594072282
61153,-54410761776333,384,68321,-31961.1,30747.1,14.5,0.066,83335881,1149,LOCKED,1.000031961000,61179594150111
61154,-54410761805071,3407,71344,-31956.9,30750.3,14.8,0.050,83335881,6526,LOCKED,1.000031957000,61180594219590
61155,-54410761832020,7595,75532,-31929.3,30747.5,14.8,0.052,83335880,6802,LOCKED,1.000031929000,61181594308073
61156,-54410761852629,16598,84535,-31843.0,30510.5,15.2,0.098,83335882,18837,LOCKED,1.000031843000,61182594380342
61157,-54410761871989,26191,94128,-31744.5,30446.3,15.1,0.096,83335881,27320,LOCKED,1.000031745000,61183594468984
61158,-54410761893989,32648,100585,-31637.3,30522.7,15.2,0.105,83335881,32887,LOCKED,1.000031637000,61184594532357
61159,-54410761926323,28701,96638,-31525.3,30397.3,15.1,0.098,83335881,29068,LOCKED,1.000031525000,61185594488774
61160,-54410762028659,-38871,29066,-31619.8,30784.6,14.9,0.074,83335880,-45638,LOCKED,1.000031620000,61186594455621
61161,-54410762062051,-38026,29911,-31685.1,31214.5,14.9,0.077,83335881,-51169,LOCKED,1.000031685000,61187594545216
# STATS: PDUs=6776 CSV=6775 Gaps=0 Dups=0 Skip=0 d_min=-67937 ns drift=-31685.1 ns/s sigma=31214.5 ns state=LOCKED clk_err=+0 ns
61162,-54410762083597,-26046,41891,-31732.2,31414.0,15.0,0.072,83335882,-34009,LOCKED,1.000031732000,61188594633915
61163,-54410762102384,-11752,56185,-31778.9,31389.5,15.1,0.069,83335881,-14752,LOCKED,1.000031779000,61189594729149
61164,-54410762110589,11177,79114,-31765.8,31422.1,14.9,0.088,83335881,11997,LOCKED,1.000031766000,61190594804949
61165,-54410762147007,5773,73710,-31738.5,31403.5,14.6,0.117,83335882,22036,LOCKED,1.000031738000,61191594882051
61166,-54410762209685,-24294,43643,-31740.9,31423.0,14.4,0.129,83335881,28468,LOCKED,1.000031741000,61192594867244
61167,-54410762265598,-46320,21617,-31769.2,31783.4,14.2,0.139,83335881,-62713,LOCKED,1.000031769000,61193594950424
61168,-54410762289324,-37435,30502,-31748.2,31479.6,14.4,0.165,83335883,-52081,LOCKED,1.000031748000,61194595051503
61169,-54410762296692,-14019,53918,-31677.4,30660.2,14.4,0.170,83335881,-25880,LOCKED,1.000031677000,61195595155308
61170,-54410762269581,42724,110661,-31648.1,31004.3,14.1,0.175,83335881,39601,LOCKED,1.000031648000,61196595017179
61171,-54410762398226,-50297,17640,-31759.7,31695.6,14.0,0.178,83335881,-53261,LOCKED,1.000031760000,61197595095681
61172,-54410762423888,-40548,27389,-31871.7,32014.0,14.1,0.188,83335882,-55423,LOCKED,1.000031872000,61198595169210
61173,-54410762453511,-35546,32391,-31947.8,32358.2,13.3,0.189,83335881,-47432,LOCKED,1.000031948000,61199595272252
61174,-54410762465864,-14756,53181,-31982.0,32413.8,12.4,0.183,83335880,-20395,LOCKED,1.000031982000,61200595366001
61175,-54410762461817,19974,87911,-31951.5,32525.3,12.3,0.184,83335881,17342,LOCKED,1.000031951000,61201595465635
61176,-54410762467052,44242,112179,-31904.8,32988.9,11.9,0.178,83335880,44946,LOCKED,1.000031905000,61202595428882
61177,-54410762491828,48327,116264,-31835.7,33613.5,11.5,0.177,83335881,50725,LOCKED,1.000031836000,61203595400759
61178,-54410762617586,-43719,24218,-31855.1,33844.6,11.2,0.180,83335882,-47292,LOCKED,1.000031855000,61204595501513
61179,-54410762627125,-21023,46914,-31838.7,33713.7,10.7,0.172,83335880,-29663,LOCKED,1.000031839000,61205595598610
61180,-54410762600475,34751,102688,-31763.1,34023.5,10.6,0.171,83335881,29936,LOCKED,1.000031763000,61206595556495
61181,-54410762628040,37978,105915,-31778.7,33819.4,10.1,0.163,83335880,37023,LOCKED,1.000031779000,61207595644351
61182,-54410762641665,54012,121949,-31764.5,34039.3,10.3,0.154,83335879,51384,LOCKED,1.000031764000,61208595603429
61183,-54410762778846,-47110,20827,-31897.2,34417.3,10.3,0.151,83335880,-60557,LOCKED,1.000031897000,61209595709217
61184,-54410762786793,-20237,47700,-32007.1,34041.2,11.1,0.145,83335878,-42068,LOCKED,1.000032007000,61210595808170
61185,-54410762791821,7961,75898,-32080.4,33382.4,11.3,0.140,83335879,-10564,LOCKED,1.000032080000,61211595878609
61186,-54410762821116,10309,78246,-32076.0,33394.7,11.2,0.135,83335880,-3865,LOCKED,1.000032076000,61212595966793
61187,-54410762833290,27723,95660,-31999.9,33538.8,11.3,0.134,83335880,17838,LOCKED,1.000032000000,61213596037082
61188,-54410762857852,32053,99990,-31900.5,33653.9,11.3,0.134,83335881,21639,LOCKED,1.000031901000,61214596109660
61189,-54410762888215,33073,101010,-31930.2,33266.4,11.1,0.123,83335879,20869,LOCKED,1.000031930000,61215596069891
61190,-54410762994913,-38872,29065,-32004.2,33679.5,10.9,0.110,83335879,-54826,LOCKED,1.000032004000,61216596028522
61191,-54410763024165,-34233,33704,-32039.9,33946.7,11.0,0.103,83335879,-58625,LOCKED,1.000032040000,61217596119341
61192,-54410763044715,-22133,45804,-32033.0,33895.0,11.5,0.094,83335878,-39318,LOCKED,1.000032033000,61218596193569
61193,-54410763073512,-18583,49354,-32017.5,33784.1,11.6,0.086,83335879,-32689,LOCKED,1.000032018000,61219596270242
61194,-54410763106035,-16276,51661,-32128.7,33246.0,12.8,0.083,83335877,-32031,LOCKED,1.000032129000,61220596353380
61195,-54410763129183,-5709,62228,-32197.2,32944.7,13.7,0.075,83335877,-17205,LOCKED,1.000032197000,61221596433949
61196,-54410763143545,12334,80271,-32228.0,32737.0,13.8,0.067,83335879,2062,LOCKED,1.000032228000,61222596520608
61197,-54410763151561,34810,102747,-32200.6,32973.3,14.7,0.067,83335877,24884,LOCKED,1.000032201000,61223596588618
61198,-54410763181353,35448,103385,-32172.6,33217.6,15.1,0.068,83335878,29353,LOCKED,1.000032173000,61224596670743
61199,-54410763200444,45887,113824,-32119.2,33732.2,15.5,0.070,83335878,37609,LOCKED,1.000032119000,61225596618669
61200,-54410763310451,-30858,37079,-32123.9,33775.7,15.7,0.082,83335878,-41929,LOCKED,1.000032124000,61226596694774
61201,-54410763328033,-16168,51769,-32104.3,33642.2,16.5,0.088,83335877,-39255,LOCKED,1.000032104000,61227596783256
61202,-54410763341382,1044,68981,-32030.1,33172.5,16.5,0.092,83335879,-12986,LOCKED,1.000032030000,61228596872773
61203,-54410763350914,20271,88208,-31903.0,32522.9,17.2,0.103,83335877,9717,LOCKED,1.000031903000,61229596953970
61204,-54410763373634,25775,93712,-31765.1,31912.0,17.4,0.113,83335878,19388,LOCKED,1.000031765000,61230597023225
61205,-54410763403184,24679,92616,-31643.4,31507.3,17.6,0.127,83335878,25467,LOCKED,1.000031643000,61231597104771
61206,-54410763408367,49081,117018,-31624.0,31788.0,17.6,0.139,83335879,43582,LOCKED,1.000031624000,61232597060516
61207,-54410763432817,50951,118888,-31448.0,31833.6,18.0,0.108,83335878,48956,LOCKED,1.000031448000,61233597126401
61208,-54410763475965,37722,105659,-31435.7,31972.2,18.4,0.072,83335878,31117,LOCKED,1.000031436000,61234597097964
61209,-54410763509083,34791,102728,-31432.3,32010.0,19.0,0.025,83335877,-79963,LOCKED,1.000031432000,61235597168243
61210,-54410763579294,-3541,64396,-31448.4,32004.6,19.2,0.000,83335878,-10236,LOCKED,1.000031448000,61236597253876
61211,-54410763595269,10911,78848,-31416.4,32023.3,20.0,-0.036,83335876,-363,LOCKED,1.000031416000,61237597332574
61212,-54410763617009,19079,87016,-31374.0,32120.5,20.2,-0.054,83335877,12902,LOCKED,1.000031374000,61238597403836
61213,-54410763655188,11186,79123,-31339.1,32134.8,20.3,-0.053,83335878,19373,LOCKED,1.000031339000,61239597475377
61214,-54410763695938,1250,69187,-31315.4,32091.8,20.5,-0.065,83335877,11619,LOCKED,1.000031315000,61240597457739
61215,-54410763754912,-25277,42660,-31328.9,32186.7,20.6,-0.082,83335878,-73124,LOCKED,1.000031329000,61241597544882
61216,-54410763811454,-48160,19777,-31363.2,32613.9,20.6,-0.128,83335876,-47349,LOCKED,1.000031363000,61242597627117
61217,-54410763826490,-31125,36812,-31346.1,32414.8,20.9,-0.164,83335876,-42408,LOCKED,1.000031346000,61243597722422
61218,-54410763843228,-17175,50762,-31285.1,31723.5,20.7,-0.173,83335878,-21945,LOCKED,1.000031285000,61244597816971
61219,-54410763854604,759,68696,-31189.3,30867.5,20.6,-0.190,83335877,2355,LOCKED,1.000031189000,61245597793791
61220,-54410763850902,33781,101718,-31153.6,31152.9,20.5,-0.195,83335878,-66339,LOCKED,1.000031154000,61246597779544
61221,-54410763959688,-40485,27452,-31251.7,31564.8,20.4,-0.208,83335877,-29608,LOCKED,1.000031252000,61247597874944
# STATS: PDUs=6836 CSV=6835 Gaps=0 Dups=0 Skip=0 d_min=-67937 ns drift=-31251.7 ns/s sigma=31564.8 ns state=LOCKED clk_err=+0 ns
61222,-54410763965893,-14160,53777,-31291.0,31603.5,19.9,-0.219,83335877,-11520,LOCKED,1.000031291000,61248597956966
61223,-54410763989659,-6310,61627,-31296.4,31612.1,19.7,-0.228,83335877,191,LOCKED,1.000031296000,61249598056870
61224,-54410763986816,25144,93081,-31206.3,31595.2,19.4,-0.229,83335878,31076,LOCKED,1.000031206000,61250598024151
61225,-54410764014575,25940,93877,-31119.1,31626.5,19.0,-0.241,83335876,-71225,LOCKED,1.000031119000,61251598126740
61226,-54410764113740,-39195,28742,-31197.0,32063.5,19.0,-0.252,83335876,-28635,LOCKED,1.000031197000,61252598215189
61227,-54410764135281,-26563,41374,-31299.1,31977.8,18.9,-0.261,83335876,-19927,LOCKED,1.000031299000,61253598296094
61228,-54410764154227,-12377,55560,-31368.5,31807.4,18.1,-0.271,83335875,-8790,LOCKED,1.000031369000,61254598365534
61229,-54410764185840,-11615,56322,-31398.7,31837.5,17.9,-0.277,83335876,-5016,LOCKED,1.000031399000,61255598435047
61230,-54410764190328,12564,80501,-31285.3,31087.6,18.0,-0.285,83335875,20741,LOCKED,1.000031285000,61256598393642
61231,-54410764216780,17638,85575,-31326.5,30674.5,17.7,-0.288,83335876,23825,LOCKED,1.000031327000,61257598471155
61232,-54410764235907,29155,97092,-31341.6,30501.5,17.2,-0.291,83335875,35315,LOCKED,1.000031342000,61258598537546
61233,-54410764268252,27574,95511,-31359.2,30303.4,16.9,-0.291,83335876,29496,LOCKED,1.000031359000,61259598602115
61234,-54410764298823,27192,95129,-31346.9,30403.7,17.5,-0.299,83335874,27687,LOCKED,1.000031347000,61260598676397
61235,-54410764323171,31477,99414,-31265.9,30637.5,17.1,-0.296,83335876,30674,LOCKED,1.000031266000,61261598745747
61236,-54410764363299,19714,0,-31156.1,30197.2,17.6,-0.301,83335874,16392,LOCKED,1.000031156000,61262598719111
61237,-54410764389430,21365,1651,-31025.8,29471.0,17.2,-0.296,83335876,19038,LOCKED,1.000031026000,61263598671205
61238,-54410764436809,5929,0,-31080.8,29043.4,16.4,-0.288,83335875,-104927,LOCKED,1.000031081000,61264598764884
61239,-54410764550218,-70826,0,-31236.8,30495.0,16.8,-0.289,83335874,-76352,LOCKED,1.000031237000,61265598848417
61240,-54410764539345,-28047,42779,-31223.0,30341.7,16.2,-0.279,83335876,-34993,LOCKED,1.000031223000,61266598804854
61241,-54410764571567,-28527,42299,-31200.9,30074.4,16.0,-0.273,83335876,-30154,LOCKED,1.000031201000,61267598886796
61242,-54410764583333,-10519,60307,-31113.2,28964.9,16.2,-0.271,83335875,-12933,LOCKED,1.000031113000,61268598968515
61243,-54410764597506,7394,78220,-31173.4,28423.4,15.9,-0.263,83335876,5986,LOCKED,1.000031173000,61269599048467
61244,-54410764615809,19651,90477,-31176.0,28404.0,16.2,-0.264,83335875,23034,LOCKED,1.000031176000,61270599112405
61245,-54410764648302,17000,87826,-31138.7,28491.8,16.2,-0.259,83335876,18077,LOCKED,1.000031139000,61271599083846
61246,-54410764684637,10803,81629,-31107.5,28513.7,16.1,-0.248,83335875,-95205,LOCKED,1.000031108000,61272599158327
61247,-54410764804854,-74108,0,-31190.4,30017.5,15.9,-0.234,83335875,-75806,LOCKED,1.000031190000,61273599239627
61248,-54410764835612,-69974,4134,-31255.9,31171.7,15.0,-0.212,83335876,-71735,LOCKED,1.000031256000,61274599329325
61249,-54410764762974,30604,104712,-31143.8,31120.1,14.9,-0.201,83335876,-67570,LOCKED,1.000031144000,61275599403974
61250,-54410764852746,-24908,49200,-31255.5,30856.4,14.9,-0.189,83335875,-1558,LOCKED,1.000031255000,61276599363829
61251,-54410764877334,-15708,58400,-31353.9,30439.5,14.9,-0.175,83335875,-5465,LOCKED,1.000031354000,61277599428341
61252,-54410764910688,-15458,58650,-31438.8,30181.6,14.9,-0.168,83335876,-4677,LOCKED,1.000031439000,61278599507509
61253,-54410764938438,-9898,64210,-31514.3,29873.9,14.9,-0.149,83335875,332,LOCKED,1.000031514000,61279599584595
61254,-54410764960791,539,74647,-31577.9,29452.1,14.9,-0.149,83335876,8379,LOCKED,1.000031578000,61280599667373
61255,-54410764972594,20025,94133,-31597.1,29277.3,14.9,-0.149,83335876,20730,LOCKED,1.000031597000,61281599752854
61256,-54410764990944,31613,105721,-31568.2,29518.7,15.2,-0.120,83335874,39402,LOCKED,1.000031568000,61282599710693
61257,-54410765034324,18231,92339,-31521.4,29600.0,15.2,-0.118,83335876,-76514,LOCKED,1.000031521000,61283599807123
61258,-54410765136136,-49055,25053,-31587.4,30300.5,15.1,-0.113,83335875,-42307,LOCKED,1.000031587000,61284599893459
