# seq,elapsed_s,d_total_ns,d_detrended_ns,offset_ns,drift_ns_per_s,drift_sigma_ns,gm_sigma_ns,gm_a1_ppb,clock_error_ns,sync_state
46860,0.678,-45531741572203,-34536,28589,30991.2,32439.5,7.7,-0.063,-684223,LOCKED
46861,1.680,-45531741494362,10224,73349,31077.0,32041.7,7.6,-0.062,-663066,LOCKED
46862,2.678,-45531741476965,-3000,60125,31059.5,32030.4,7.6,-0.061,-605971,LOCKED
46863,3.679,-45531741463129,-20131,42994,31088.6,31758.5,7.4,-0.056,-657132,LOCKED
46864,4.679,-45531741426611,-12676,50449,31010.1,31504.9,7.5,-0.055,-667248,LOCKED
46865,5.679,-45531741397785,-14076,49049,30995.0,31554.2,7.5,-0.056,-635277,LOCKED
46866,6.678,-45531741343528,7642,70767,31058.2,31334.6,7.6,-0.055,-619782,LOCKED
46867,7.679,-45531741293060,25965,89090,31068.4,31413.4,7.6,-0.054,-595701,LOCKED
46868,8.678,-45531741261210,24521,87646,31136.9,31527.2,7.4,-0.058,-618822,LOCKED
46869,9.678,-45531741231768,19757,82882,31254.9,30975.4,7.5,-0.059,-646100,LOCKED
46870,10.679,-45531741189465,28542,91667,31318.6,31199.0,7.4,-0.064,-740173,LOCKED
46871,11.679,-45531741150809,33569,96694,31376.3,31530.1,7.3,-0.059,-620798,LOCKED
46872,12.679,-45531741112971,35950,99075,31517.1,31333.0,7.1,-0.052,-519363,LOCKED
46873,13.679,-45531741090563,26028,89153,31513.7,31302.3,7.0,-0.058,-646939,LOCKED
46874,14.679,-45531741056714,26762,89887,31547.8,31496.9,7.5,-0.058,-650021,LOCKED
46875,15.679,-45531741035466,14061,77186,31642.5,31085.3,7.6,-0.057,-645966,LOCKED
46876,16.678,-45531741001386,16858,79983,31596.6,30618.1,7.6,-0.064,-653206,LOCKED
46877,17.679,-45531740963148,22282,85407,31619.4,30741.3,8.0,-0.061,-634214,LOCKED
46878,18.678,-45531740936295,15387,78512,31698.4,30547.6,9.0,-0.057,-635533,LOCKED
46879,19.679,-45531740908863,11777,74902,31646.5,30068.6,9.3,-0.063,-652389,LOCKED
46880,20.679,-45531740950717,-58471,4654,31584.0,30944.3,9.5,-0.046,-716250,LOCKED
46881,21.679,-45531740917518,-54465,8660,31557.2,31367.6,9.5,-0.027,-718383,LOCKED
46882,22.680,-45531740895476,-59441,3684,31433.1,32352.8,9.8,-0.030,-643358,LOCKED
46883,23.680,-45531740858642,-51512,11613,31394.6,32855.7,9.5,-0.016,-646682,LOCKED
46884,24.680,-45531740837006,-58524,4601,31357.1,33425.2,9.5,-0.019,-647827,LOCKED
46885,25.679,-45531740716121,29492,92617,31382.3,33601.6,9.6,-0.032,-664323,LOCKED
46886,26.680,-45531740697647,15000,78125,31435.2,33600.2,9.3,-0.014,-562205,LOCKED
46887,27.681,-45531740647575,29770,92895,31575.7,33144.2,9.5,-0.037,-534866,LOCKED
46888,28.679,-45531740619351,25820,88945,31562.1,33015.9,9.6,-0.044,-620006,LOCKED
46889,29.680,-45531740612297,1590,64715,31545.8,32983.4,9.5,-0.037,-663307,LOCKED
46890,30.680,-45531740646183,-61340,1785,31525.0,33348.2,9.6,-0.042,-739795,LOCKED
46891,31.680,-45531740627357,-68347,0,31359.0,34430.8,9.6,-0.052,-723583,LOCKED
46892,32.680,-45531740506518,19294,87641,31417.3,34478.5,9.5,-0.054,-671428,LOCKED
46893,33.680,-45531740462671,28174,96521,31544.9,34157.0,9.6,-0.065,-435278,LOCKED
46894,34.681,-45531740447811,11681,80028,31516.0,33978.9,9.6,-0.076,-747163,LOCKED
46895,35.680,-45531740398185,27166,95513,31599.8,34063.3,9.7,-0.084,-534258,LOCKED
46896,36.681,-45531740380171,14106,82453,31550.4,33630.4,9.8,-0.091,-624379,LOCKED
46897,37.680,-45531740357317,6508,74855,31485.6,33119.6,10.0,-0.106,-650170,LOCKED
46898,38.681,-45531740362077,-28655,39692,31480.1,33166.6,10.2,-0.120,-775838,LOCKED
46899,39.680,-45531740351571,-44798,23549,31317.2,33080.4,10.9,-0.139,-668083,LOCKED
46900,40.680,-45531740327400,-48582,19765,31232.8,33731.8,11.1,-0.149,-620234,LOCKED
46901,41.680,-45531740316057,-63354,4993,31086.7,34705.7,11.3,-0.158,-626851,LOCKED
46902,42.681,-45531740254533,-31534,36813,31071.3,34832.2,11.3,-0.166,-676881,LOCKED
46903,43.681,-45531740233343,-36814,31533,30906.4,34320.1,11.7,-0.178,-613444,LOCKED
46904,44.681,-45531740220291,-50781,17566,30799.9,34979.7,11.7,-0.183,-650756,LOCKED
46905,45.680,-45531740187011,-46060,22287,30766.4,35344.9,12.2,-0.194,-671783,LOCKED
46906,46.681,-45531740155302,-40580,27767,30611.0,35170.9,12.2,-0.198,-632047,LOCKED
46907,47.681,-45531740113478,-27444,40903,30562.1,35367.7,12.3,-0.202,-631431,LOCKED
46908,48.680,-45531740069452,-13720,54627,30572.2,35318.1,12.3,-0.204,-612409,LOCKED
46909,49.681,-45531740035574,-8596,59751,30497.1,35030.7,12.5,-0.209,-625060,LOCKED
46910,50.682,-45531739975299,19247,87594,30560.2,35054.8,12.6,-0.212,-606435,LOCKED
46911,51.681,-45531739961662,4066,72413,30467.7,34200.6,12.9,-0.216,-620519,LOCKED
46912,52.681,-45531739923205,11958,80305,30452.6,34124.8,12.8,-0.215,-646463,LOCKED
46913,53.681,-45531739878770,23522,91869,30532.3,34144.0,12.9,-0.217,-620288,LOCKED
46914,54.681,-45531739851712,20420,88767,30479.9,33568.7,12.8,-0.215,-626648,LOCKED
46915,55.681,-45531739806842,32963,101310,30515.8,33823.3,13.1,-0.218,-635980,LOCKED
46916,56.681,-45531739771985,34054,102401,30618.9,33972.4,13.0,-0.215,-622085,LOCKED
46917,57.682,-45531739725942,47756,116103,30624.0,34045.1,13.2,-0.213,-624155,LOCKED
46918,58.683,-45531739687273,52515,120862,30698.0,34756.0,13.3,-0.210,-620782,LOCKED
46919,59.681,-45531739657035,47943,116290,30820.4,35236.2,13.6,-0.210,-631777,LOCKED
46920,60.712,-45531739708131,-30137,38210,30681.9,34847.9,14.0,-0.206,-725089,LOCKED
46921,61.681,-45531739671130,-22064,46283,30632.5,34966.6,14.3,-0.205,-716171,LOCKED
46922,62.683,-45531739649858,-28695,39652,30546.1,35071.8,14.3,-0.197,-645115,LOCKED
46923,63.682,-45531739630832,-36275,32072,30412.8,35002.3,14.7,-0.188,-660814,LOCKED
46924,64.682,-45531739594987,-27581,40766,30298.3,34827.9,14.6,-0.177,-648656,LOCKED
46925,65.682,-45531739569108,-28493,39854,30173.3,34557.2,15.1,-0.171,-638549,LOCKED
46926,66.682,-45531739545863,-32362,35985,30076.8,34699.1,15.0,-0.157,-655712,LOCKED
46927,67.682,-45531739513791,-28224,40123,30018.5,34903.4,14.9,-0.140,-648069,LOCKED
46928,68.683,-45531739383909,67132,135479,30128.2,36069.0,14.5,-0.121,-638659,LOCKED
46929,69.682,-45531739450890,-27922,40425,30073.7,36265.2,14.6,-0.108,-535771,LOCKED
46930,70.682,-45531739369591,21526,89873,30125.2,36367.2,14.3,-0.083,-684964,LOCKED
46931,71.682,-45531739332949,25629,93976,30201.2,36454.2,14.5,-0.062,-581055,LOCKED
46932,72.682,-45531739316732,9972,78319,30266.9,36288.0,14.3,-0.025,-649823,LOCKED
46933,73.682,-45531739313093,-16302,52045,30276.7,36233.8,14.1,0.002,-678982,LOCKED
46934,74.683,-45531739293845,-26434,41913,30276.6,36234.3,14.8,0.028,-681482,LOCKED
46935,75.682,-45531739161578,70035,138382,30431.4,37379.4,14.5,0.036,-543481,LOCKED
46936,76.683,-45531739172589,25877,94224,30521.8,37381.9,14.4,0.031,-549683,LOCKED
46937,77.683,-45531739177108,-9771,58576,30568.0,37082.7,14.6,0.017,-690235,LOCKED
46938,78.683,-45531739173842,-35814,32533,30565.8,37104.8,14.8,-0.008,-679147,LOCKED
46939,79.684,-45531739046576,55842,124189,30720.8,37613.0,14.8,0.000,-652903,LOCKED
46940,80.683,-45531739106441,-31292,37055,30603.2,37539.2,14.9,-0.003,-635769,LOCKED
46941,81.683,-45531739049492,-3398,64949,30532.7,37208.2,14.9,-0.003,-737122,LOCKED
46942,82.683,-45531738962357,51343,119690,30538.6,37291.5,15.0,0.002,-629663,LOCKED
46943,83.683,-45531738917495,62835,131182,30573.1,37803.6,14.7,-0.028,-463693,LOCKED
46944,84.683,-45531738897277,50829,119176,30569.6,37752.1,14.9,-0.062,-737646,LOCKED
46945,85.683,-45531738857209,55218,123565,30728.8,38185.0,14.8,-0.079,-643711,LOCKED
46946,86.684,-45531738924765,-41192,27155,30705.3,38407.7,14.5,-0.105,-622231,LOCKED
46947,87.683,-45531738883289,-30030,38317,30736.1,38078.7,14.2,-0.116,-726590,LOCKED
46948,88.683,-45531738846205,-23720,44627,30777.5,37670.1,14.0,-0.117,-621702,LOCKED
46949,89.684,-45531738817961,-25415,42932,30778.6,37662.0,13.3,-0.125,-632576,LOCKED
46950,90.684,-45531738734910,26368,94715,30758.8,37483.9,13.2,-0.140,-602515,LOCKED
46951,91.683,-45531738714674,16525,84872,30697.8,36898.8,12.4,-0.144,-593706,LOCKED
46952,92.684,-45531738683018,15151,83498,30787.2,36634.1,11.6,-0.155,-654657,LOCKED
46953,93.684,-45531738668157,-2456,65891,30874.0,35950.2,11.2,-0.157,-653126,LOCKED
46954,94.684,-45531738642693,-8669,59678,30927.9,35568.2,10.7,-0.158,-665677,LOCKED
46955,95.685,-45531738622475,-20139,48208,30998.9,34711.5,10.2,-0.158,-658500,LOCKED
46956,96.684,-45531738590009,-19160,49187,31054.8,34110.3,9.8,-0.163,-647615,LOCKED
46957,97.684,-45531738563584,-23769,44578,31093.4,33694.3,9.9,-0.168,-646917,LOCKED
46958,98.685,-45531738540914,-30507,37840,31061.4,33907.2,10.3,-0.176,-651474,LOCKED
46959,99.685,-45531738512437,-30655,37692,30992.7,34142.1,10.4,-0.181,-651479,LOCKED
46960,100.684,-45531738439352,11262,79609,30982.5,34097.8,10.8,-0.187,-600408,LOCKED
46961,101.684,-45531738421319,-329,68018,30916.2,33716.0,11.6,-0.197,-609298,LOCKED
46962,102.685,-45531738389893,486,68833,30900.5,33691.4,11.5,-0.197,-655942,LOCKED
46963,103.684,-45531738380436,-18934,49413,30832.5,33681.8,11.6,-0.199,-658381,LOCKED
46964,104.684,-45531738350037,-16785,51562,30733.5,33326.2,11.8,-0.202,-662352,LOCKED
46965,105.684,-45531738310921,-6507,61840,30651.1,32881.5,12.2,-0.206,-635021,LOCKED
46966,106.685,-45531738278503,-3016,65331,30571.3,32374.3,12.1,-0.204,-632368,LOCKED
46967,107.685,-45531738241067,4741,73088,30519.5,32044.3,11.9,-0.201,-631456,LOCKED
46968,108.684,-45531738212793,3100,71447,30484.7,31894.6,11.8,-0.197,-635892,LOCKED
46969,109.685,-45531738178719,6957,75304,30459.9,31779.9,12.1,-0.199,-640934,LOCKED
46970,110.684,-45531738098272,52991,121338,30566.0,32568.4,12.0,-0.193,-584884,LOCKED
46971,111.684,-45531738066244,51146,119493,30643.4,33287.1,11.9,-0.191,-590473,LOCKED
46972,112.684,-45531738031776,51324,119671,30737.1,34007.7,11.8,-0.184,-635476,LOCKED
46973,113.685,-45531738000703,47707,116054,30852.0,34534.6,11.5,-0.175,-634185,LOCKED
46974,114.685,-45531737970307,43613,111960,30958.2,34962.9,11.3,-0.166,-641417,LOCKED
46975,115.685,-45531737959283,21019,89366,31054.0,34781.0,11.3,-0.163,-646279,LOCKED
46976,116.686,-45531737936821,10269,78616,31143.0,34371.7,11.3,-0.152,-666285,LOCKED
46977,117.685,-45531737943564,-27774,40573,31197.0,33650.4,11.3,-0.147,-655228,LOCKED
46978,118.686,-45531737862211,18622,86969,31350.9,32412.8,11.2,-0.141,-675990,LOCKED
46979,119.685,-45531737819561,25525,93872,31524.5,31032.0,11.2,-0.135,-578828,LOCKED
46980,120.685,-45531737870324,-52968,15379,31426.2,31851.9,11.2,-0.136,-712835,LOCKED
46981,121.685,-45531737844463,-54739,13608,31330.9,32707.8,11.2,-0.129,-730203,LOCKED
46982,122.685,-45531737810031,-47893,20454,31226.6,33310.8,11.1,-0.122,-642395,LOCKED
46983,123.685,-45531737769553,-35251,33096,31118.6,33462.6,11.2,-0.122,-627792,LOCKED
46984,124.686,-45531737727329,-21753,46594,31037.2,33425.0,11.3,-0.115,-622992,LOCKED
46985,125.686,-45531737696059,-19043,49304,30947.1,33236.0,11.3,-0.118,-626779,LOCKED
46986,126.685,-45531737671239,-22101,46246,30833.0,32857.1,11.6,-0.067,-650420,LOCKED
46987,127.685,-45531737635735,-14779,53568,30727.3,32333.1,11.8,-0.022,-641418,LOCKED
46988,128.686,-45531737603660,-14223,54124,30789.9,31672.4,11.4,0.032,-639339,LOCKED
46989,129.686,-45531737570650,-9728,58619,30694.2,31109.4,11.1,0.056,-640801,LOCKED
46990,130.685,-45531737511212,17703,86050,30729.3,31200.6,10.8,0.096,-610548,LOCKED
46991,131.686,-45531737500871,-2810,65537,30740.1,31179.0,10.7,0.123,-636069,LOCKED
46992,132.686,-45531737482496,-14022,54325,30706.8,31229.7,10.5,0.153,-673766,LOCKED
46993,133.685,-45531737457429,-17285,51062,30618.7,30997.1,9.7,0.204,-664286,LOCKED
46994,134.686,-45531737428551,-16216,52131,30507.5,30407.1,9.8,0.239,-647904,LOCKED
46995,135.685,-45531737400931,-19551,48796,30562.2,29736.1,9.7,0.239,-643587,LOCKED
46996,136.686,-45531737380847,-28475,39872,30533.2,29942.5,9.7,0.241,-654342,LOCKED
46997,137.686,-45531737342001,-18075,50272,30460.7,29876.2,9.8,0.254,-645638,LOCKED
46998,138.687,-45531737316153,-19455,48892,30334.1,29125.2,9.8,0.256,-637808,LOCKED
46999,139.687,-45531737284668,-18441,49906,30371.6,28727.9,9.9,0.265,-646436,LOCKED
47000,140.686,-45531737221210,15302,83649,30313.8,28046.5,10.0,0.275,-612565,LOCKED
47001,141.686,-45531737194387,11859,80206,30291.7,27895.6,10.2,0.284,-614302,LOCKED
47002,142.686,-45531737174969,-115,68232,30346.0,27574.1,10.2,0.285,-653395,LOCKED
47003,143.686,-45531737145096,-2142,66205,30426.0,26801.7,10.3,0.293,-655156,LOCKED
47004,144.687,-45531737117840,-6327,62020,30486.5,26236.5,10.4,0.300,-648995,LOCKED
47005,145.686,-45531737094218,-14101,54246,30554.7,25302.4,10.4,0.300,-653002,LOCKED
47006,146.686,-45531737056765,-5336,63011,30471.8,24664.3,10.4,0.306,-645342,LOCKED
47007,147.686,-45531737020466,1593,69940,30415.0,24228.7,10.6,0.312,-629193,LOCKED
47008,148.687,-45531737008403,-14680,53667,30337.2,23974.5,10.4,0.314,-652026,LOCKED
47009,149.687,-45531736926459,35670,104017,30339.5,24010.1,10.5,0.320,-673166,LOCKED
47010,150.687,-45531736917468,12815,81162,30392.2,23958.9,10.6,0.323,-549085,LOCKED
47011,151.704,-45531736902986,-3185,60169,30402.0,23933.3,10.7,0.328,-669292,LOCKED
47012,152.686,-45531736866771,2107,65461,30424.1,23892.5,10.8,0.331,-662278,LOCKED
47013,153.687,-45531736818761,18554,81908,30449.2,24018.0,11.3,0.339,-630011,LOCKED
47014,154.687,-45531736771913,32976,96330,30491.4,24402.1,11.7,0.347,-609834,LOCKED
47015,155.687,-45531736743623,29393,92747,30510.4,24597.2,11.8,0.351,-622792,LOCKED
47016,156.687,-45531736701791,38630,101984,30548.5,25045.6,12.2,0.355,-635709,LOCKED
47017,157.687,-45531736675319,33000,96354,30569.9,25286.0,12.6,0.358,-632152,LOCKED
47018,158.687,-45531736649281,27583,90937,30567.4,25257.3,12.4,0.354,-653022,LOCKED
47019,159.687,-45531736609012,35930,99284,30574.2,25352.3,12.3,0.351,-635673,LOCKED
47020,160.688,-45531736559358,51117,114471,30680.4,26254.0,12.1,0.346,-721867,LOCKED
47021,161.687,-45531736514290,61269,124623,30786.6,27540.6,11.4,0.335,-505057,LOCKED
47022,162.687,-45531736486474,54438,117792,30885.6,28514.1,11.4,0.331,-630906,LOCKED
47023,163.689,-45531736466630,41150,104504,30927.5,28961.7,11.4,0.329,-656941,LOCKED
47024,164.689,-45531736420606,53174,116528,30990.0,29753.1,11.0,0.319,-639151,LOCKED
47025,165.687,-45531736395146,44837,108191,31053.3,30346.5,10.6,0.308,-627806,LOCKED
47026,166.688,-45531736367455,38990,102344,31110.5,30792.8,10.6,0.302,-651864,LOCKED
47027,167.688,-45531736336035,36714,100068,31176.4,31193.5,10.5,0.296,-650439,LOCKED
47028,168.689,-45531736302955,36128,99482,31238.7,31576.8,10.6,0.289,-639556,LOCKED
47029,169.688,-45531736275079,30520,93874,31298.2,31844.2,10.1,0.275,-645244,LOCKED
47030,170.688,-45531736332004,-55749,7605,31295.0,31902.2,10.1,0.267,-733962,LOCKED
47031,171.688,-45531736214535,26566,89920,31440.5,31178.1,10.1,0.267,-748124,LOCKED
47032,172.688,-45531736182311,23428,86782,31594.3,30098.5,10.0,0.258,-553719,LOCKED
47033,173.689,-45531736155857,14795,78149,31741.4,28668.8,10.1,0.260,-648046,LOCKED
47034,174.689,-45531736103396,30769,94123,31923.5,27218.5,10.0,0.249,-528913,LOCKED
47035,175.688,-45531736077564,21127,84481,32062.9,26196.4,9.8,0.236,-626229,LOCKED
47036,176.688,-45531736055694,8437,71791,32171.7,25191.7,9.2,0.209,-659580,LOCKED
47037,177.689,-45531736020068,10495,73849,32222.8,25103.9,9.4,0.210,-646072,LOCKED
47038,178.689,-45531736007639,-11011,52343,32325.4,23310.4,9.7,0.174,-659720,LOCKED
47039,179.688,-45531735980163,-17638,45716,32442.2,20449.3,9.9,0.144,-667767,LOCKED
47040,180.689,-45531735939631,-9137,54217,32437.2,20469.1,9.6,0.119,-739729,LOCKED
47041,181.689,-45531735890174,7376,70730,32449.9,20493.5,9.5,0.109,-512521,LOCKED
47042,182.688,-45531735862792,2090,65444,32457.1,20493.6,9.6,0.084,-628059,LOCKED
47043,183.688,-45531735839339,-6808,56546,32463.2,20466.7,9.1,0.055,-655500,LOCKED
47044,184.689,-45531735815851,-15441,47913,32472.2,20384.0,9.1,0.058,-766452,LOCKED
47045,185.689,-45531735767193,22,63376,32507.6,20198.5,9.3,0.012,-533379,LOCKED
47046,186.689,-45531735758795,-22985,40369,32491.8,20350.5,9.3,0.007,-638880,LOCKED
47047,187.689,-45531735737939,-32939,30415,32464.0,20706.7,9.5,-0.010,-669615,LOCKED
47048,188.689,-45531735754074,-76793,0,32358.6,23073.0,9.5,-0.013,-664109,LOCKED
47049,189.689,-45531735659975,-14600,62193,32360.7,23058.6,9.3,-0.014,-679269,LOCKED
47050,190.689,-45531735711327,-93368,0,32273.2,25644.7,9.2,-0.017,-662967,LOCKED
47051,191.689,-45531735677064,-86143,7225,32159.3,28039.3,9.5,-0.028,-730077,LOCKED
47052,192.689,-45531735603099,-41648,51720,32096.5,28593.1,9.6,-0.039,-664273,LOCKED
47053,193.690,-45531735599972,-65949,27419,31976.9,29961.2,9.6,-0.041,-598108,LOCKED
47054,194.689,-45531735487696,13680,107048,31987.0,29999.6,9.8,-0.050,-549093,LOCKED
47055,195.689,-45531735471620,-1675,91693,31962.5,29953.7,9.8,-0.051,-682239,LOCKED
47056,196.689,-45531735437976,843,94211,31919.9,29759.1,9.7,-0.052,-658120,LOCKED
47057,197.689,-45531735398938,8107,101475,31899.2,29656.5,9.9,-0.059,-632062,LOCKED
47058,198.690,-45531735364054,11273,104641,31871.5,29467.8,10.0,-0.066,-629769,LOCKED
47059,199.690,-45531735429827,-79791,13577,31680.9,31150.2,9.9,-0.066,-628707,LOCKED
47060,200.692,-45531735353497,-32790,60578,31619.9,31465.6,9.9,-0.065,-694238,LOCKED
47061,201.689,-45531735336270,-43845,49523,31528.8,32005.1,9.8,-0.064,-613636,LOCKED
47062,202.690,-45531735302644,-38288,55080,31422.5,32282.4,10.0,-0.070,-653826,LOCKED
47063,203.690,-45531735270387,-34124,59244,31315.7,32409.4,9.9,-0.069,-631603,LOCKED
47064,204.690,-45531735241543,-33084,60284,31198.1,32392.8,10.0,-0.071,-646595,LOCKED
47065,205.690,-45531735217475,-36097,57271,31055.8,32184.9,10.1,-0.076,-650558,LOCKED
47066,206.690,-45531735187008,-32864,60504,30922.6,31961.5,10.0,-0.074,-647893,LOCKED
47067,207.690,-45531735161760,-34636,58732,30788.5,31801.0,10.0,-0.072,-648647,LOCKED
47068,208.691,-45531735139710,-38395,54973,30607.6,31002.4,10.1,-0.075,-657974,LOCKED
47069,209.690,-45531735122470,-47754,45614,30490.0,31564.8,10.5,-0.078,-657322,LOCKED
47070,210.690,-45531735056015,-9561,83807,30396.4,31025.4,10.5,-0.078,-624359,LOCKED
47071,211.691,-45531735030154,-11074,82294,30266.2,29854.8,10.8,-0.079,-611704,LOCKED
47072,212.691,-45531735005926,-13934,79434,30133.1,28706.2,11.2,-0.079,-647951,LOCKED
47073,213.690,-45531734968276,-4369,88999,30039.7,27933.4,11.1,-0.073,-641687,LOCKED
47074,214.690,-45531734939210,-3807,89561,29970.5,27515.2,10.8,-0.065,-635386,LOCKED
47075,215.690,-45531734900978,5497,98865,29910.1,26985.2,11.0,-0.062,-632221,LOCKED
47076,216.690,-45531734859538,16941,110309,29886.1,26761.9,11.3,-0.053,-622705,LOCKED
47077,217.690,-45531734835278,11764,105132,29844.4,26371.0,11.5,-0.043,-633556,LOCKED
47078,218.691,-45531734808380,9625,102993,29788.6,25797.3,12.0,-0.036,-650457,LOCKED
47079,219.691,-45531734771142,17080,110448,29759.9,25499.2,12.6,-0.034,-640401,LOCKED
47080,220.691,-45531734709477,46310,139678,29814.2,26180.9,13.6,-0.024,-599114,LOCKED
47081,221.691,-45531734675045,47599,140967,29898.6,26966.9,13.5,-0.012,-602858,LOCKED
47082,222.691,-45531734639547,49732,143100,29986.1,27799.6,13.6,-0.006,-631547,LOCKED
47083,223.691,-45531734618360,38544,131912,30039.4,28266.3,13.5,0.010,-645480,LOCKED
47084,224.691,-45531734597942,26754,120122,30101.4,28474.8,13.5,0.018,-647219,LOCKED
47085,225.691,-45531734601466,-6609,86759,30099.5,28479.0,13.4,0.027,-644040,LOCKED
47086,226.692,-45531734600585,-33607,59761,30046.4,28838.9,13.4,0.026,-664689,LOCKED
47087,227.692,-45531734472679,59952,153320,30157.9,29961.8,13.5,0.040,-654715,LOCKED
47088,228.692,-45531734448615,50056,143424,30261.5,30698.9,13.1,0.067,-653774,LOCKED
47089,229.691,-45531734494987,-25149,68219,30233.2,30864.0,13.0,0.070,-621260,LOCKED
47090,230.692,-45531734407099,33005,126373,30153.6,29313.9,13.0,0.062,-656040,LOCKED
47091,231.693,-45531734446908,-34708,58660,30100.8,29683.7,13.1,0.053,-567768,LOCKED
47092,232.692,-45531734321207,56738,150106,30210.5,30657.1,13.0,0.063,-699918,LOCKED
47093,233.692,-45531734280535,62679,156047,30328.3,31810.8,13.0,0.074,-534267,LOCKED
47094,234.693,-45531734251868,56077,149445,30477.8,32468.5,12.8,0.087,-737722,LOCKED
47095,235.692,-45531734305631,-27285,66083,30480.1,32448.1,12.6,0.117,-622985,LOCKED
47096,236.692,-45531734276763,-27717,65651,30468.3,32541.2,12.3,0.151,-726280,LOCKED
47097,237.692,-45531734238145,-19182,74186,30481.3,32444.7,12.2,0.159,-631919,LOCKED
47098,238.693,-45531734210656,-21056,72312,30461.4,32543.7,12.2,0.147,-635673,LOCKED
47099,239.693,-45531734170622,-10959,82409,30453.9,32565.2,12.2,0.148,-633263,LOCKED
47100,240.693,-45531734089712,36369,129737,30547.1,32858.3,11.9,0.147,-579031,LOCKED
47101,241.692,-45531734070521,22113,115481,30652.8,32585.2,11.5,0.137,-602239,LOCKED
47102,242.692,-45531734043233,16251,109619,30748.6,32241.8,11.5,0.140,-657859,LOCKED
47103,243.693,-45531734011589,14887,108255,30834.9,31967.3,11.1,0.141,-647814,LOCKED
47104,244.693,-45531733976331,17059,110427,30917.2,31793.2,10.7,0.144,-636850,LOCKED
47105,245.693,-45531733955869,4497,97865,31013.3,31056.6,10.7,0.140,-641977,LOCKED
47106,246.693,-45531733914464,12876,106244,31090.8,30813.0,10.6,0.143,-641186,LOCKED
47107,247.693,-45531733890777,4324,97692,31140.0,30649.3,10.6,0.147,-637394,LOCKED
47108,248.693,-45531733867946,-3002,90366,31096.7,30509.9,10.6,0.150,-657098,LOCKED
47109,249.693,-45531733827496,4616,97984,31174.4,30036.9,10.5,0.148,-644847,LOCKED
47110,250.694,-45531733764574,35330,128698,31166.3,29930.5,10.3,0.152,-599856,LOCKED
47111,251.694,-45531733730302,37215,130583,31164.3,29904.1,10.4,0.155,-607998,LOCKED
47112,252.693,-45531733703323,30778,124146,31223.7,30191.8,10.4,0.158,-641913,LOCKED
47113,253.693,-45531733670645,30925,124293,31236.4,30312.5,10.3,0.163,-644707,LOCKED
47114,254.694,-45531733649994,17123,110491,31366.1,29405.9,10.3,0.161,-651553,LOCKED
47115,255.693,-45531733612146,20533,113901,31482.9,28866.9,10.2,0.166,-639821,LOCKED
47116,256.693,-45531733580142,17946,111314,31605.9,28089.1,10.0,0.168,-634911,LOCKED
47117,257.693,-45531733550818,12515,105883,31739.9,26769.3,10.0,0.167,-642884,LOCKED
47118,258.694,-45531733512372,15574,108942,31893.3,25013.0,10.1,0.170,-640880,LOCKED
47119,259.693,-45531733490728,5651,99019,31867.8,24874.4,9.9,0.176,-643613,LOCKED
47120,260.693,-45531733542040,-73257,20111,31779.9,26605.9,9.8,0.183,-733309,LOCKED
47121,261.694,-45531733414396,20886,114254,31829.7,26737.1,9.5,0.187,-622838,LOCKED
47122,262.694,-45531733395972,6641,100009,31859.9,26713.6,9.6,0.190,-559315,LOCKED
47123,263.694,-45531733370292,33,93401,31880.9,26664.2,9.4,0.198,-659018,LOCKED
47124,264.694,-45531733341042,-2755,90613,31893.2,26633.9,9.4,0.199,-651624,LOCKED
47125,265.694,-45531733313193,-6440,86928,31886.3,26646.1,9.7,0.205,-648106,LOCKED
47126,266.695,-45531733285943,-10391,82977,31869.9,26683.0,9.4,0.212,-648906,LOCKED
47127,267.694,-45531733273537,-27717,65651,31811.0,26935.4,9.2,0.222,-650119,LOCKED
47128,268.695,-45531733268673,-50541,42827,31692.5,27699.5,9.2,0.226,-682316,LOCKED
47129,269.694,-45531733257167,-64979,28389,31518.1,28691.5,9.2,0.224,-701537,LOCKED
47130,270.694,-45531733155480,4994,98362,31519.4,28693.6,9.3,0.229,-600247,LOCKED
47131,271.694,-45531733146703,-16259,77109,31473.3,28746.2,9.7,0.227,-572353,LOCKED
47132,272.695,-45531733147835,-45068,48300,31361.7,29282.2,9.8,0.224,-662237,LOCKED
47133,273.694,-45531733044139,25998,119366,31380.7,29422.2,9.8,0.222,-661685,LOCKED
47134,274.695,-45531733034890,4202,97570,31357.2,29330.4,9.8,0.227,-693432,LOCKED
47135,275.695,-45531733002763,5043,98411,31345.3,29294.5,9.9,0.223,-662252,LOCKED
47136,276.695,-45531732957152,18131,111499,31373.0,29396.1,9.8,0.208,-624816,LOCKED
47137,277.694,-45531733024662,-75201,18167,31225.4,31095.4,9.5,0.193,-617225,LOCKED
47138,278.696,-45531732990674,-67174,26194,31078.4,32327.1,9.3,0.173,-732284,LOCKED
47139,279.695,-45531732947782,-51293,42075,30963.9,33014.2,9.0,0.150,-628423,LOCKED
47140,280.695,-45531732869485,-4165,89203,30981.0,32965.1,7.8,0.111,-580404,LOCKED
47141,281.695,-45531732860256,-24837,68531,30969.2,33045.4,7.7,0.093,-618434,LOCKED
47142,282.695,-45531732848799,-42234,51134,30935.6,33393.0,7.5,0.075,-684524,LOCKED
47143,283.695,-45531732811169,-33675,59693,30900.1,33655.4,7.3,0.058,-647287,LOCKED
47144,284.696,-45531732783119,-34238,59130,30844.7,33973.2,7.4,0.039,-639618,LOCKED
47145,285.695,-45531732761463,-39511,53857,30718.0,34105.5,7.5,0.021,-657534,LOCKED
47146,286.695,-45531732731200,-35158,58210,30540.1,33241.4,7.5,0.003,-647614,LOCKED
47147,287.695,-45531732704170,-36995,56373,30519.5,33443.9,7.0,-0.035,-644987,LOCKED
47148,288.696,-45531732672316,-33982,59386,30493.6,33659.8,6.9,-0.059,-641044,LOCKED
47149,289.697,-45531732630638,-19397,73971,30358.7,32846.4,7.1,-0.075,-629939,LOCKED
47150,290.695,-45531732574563,6064,99432,30361.1,32850.6,7.3,-0.089,-603078,LOCKED
47151,291.696,-45531732559748,-6366,87002,30218.5,31245.0,7.0,-0.087,-630663,LOCKED
47152,292.696,-45531732528276,-5282,88086,30235.7,31186.2,7.2,-0.099,-655867,LOCKED
47153,293.696,-45531732512067,-18932,74436,30248.7,31086.5,7.3,-0.110,-654583,LOCKED
47154,294.696,-45531732497969,-33666,59702,30235.2,31222.8,7.5,-0.120,-669615,LOCKED
47155,295.695,-45531732470303,-31964,61404,30078.4,30542.3,7.6,-0.129,-661585,LOCKED
47156,296.697,-45531732430269,-18450,74918,29934.2,29394.7,8.1,-0.145,-632615,LOCKED
47157,297.696,-45531732397021,-12145,81223,29807.3,28282.8,8.2,-0.151,-628899,LOCKED
47158,298.696,-45531732368949,-10739,82629,29670.7,26812.2,8.3,-0.157,-639992,LOCKED
47159,299.696,-45531732343526,-11951,81417,29541.3,25514.8,8.3,-0.163,-644968,LOCKED
47160,300.696,-45531732292998,8955,102323,29530.4,25460.2,8.8,-0.173,-627826,LOCKED
47161,301.696,-45531732284984,-10869,82499,29465.3,25252.1,8.8,-0.178,-640373,LOCKED
47162,302.696,-45531732160752,79464,172832,29550.8,27143.5,9.2,-0.187,-674271,LOCKED
47163,303.696,-45531732116508,88964,182332,29657.9,29468.4,9.2,-0.190,-429105,LOCKED
47164,304.696,-45531732096228,75112,168480,29752.7,31052.5,9.2,-0.192,-631602,LOCKED
47165,305.696,-45531732063185,74275,167643,29831.9,32409.2,9.2,-0.196,-648240,LOCKED
47166,306.696,-45531732035711,67804,161172,29921.1,33613.3,9.2,-0.193,-636428,LOCKED
47167,307.696,-45531732014315,56155,149523,29981.1,34338.7,9.2,-0.190,-646193,LOCKED
47168,308.697,-45531732003033,35973,129341,29994.1,34466.4,9.1,-0.188,-648995,LOCKED
47169,309.697,-45531732007403,2133,95501,29964.8,34372.6,9.1,-0.188,-673901,LOCKED
47170,310.696,-45531731971106,7485,93628,30000.5,34343.1,9.1,-0.189,-764892,LOCKED
47171,311.697,-45531731886162,57758,143901,30133.9,35139.4,9.1,-0.186,-635215,LOCKED
47172,312.696,-45531731860133,49548,135691,30253.2,35689.4,9.1,-0.184,-595886,LOCKED
47173,313.697,-45531731867358,10486,96629,30313.6,35569.1,9.1,-0.184,-531628,LOCKED
47174,314.697,-45531731797450,46278,132421,30423.4,36051.7,9.1,-0.185,-677127,LOCKED
47175,315.696,-45531731753810,54741,140884,30566.0,36632.9,9.0,-0.182,-582113,LOCKED
47176,316.697,-45531731734464,39631,125774,30691.3,36773.4,9.1,-0.186,-740937,LOCKED
47177,317.697,-45531731703084,36562,122705,30815.1,36817.6,9.1,-0.188,-648229,LOCKED
47178,318.697,-45531731671959,32962,119105,30952.4,36573.6,9.0,-0.185,-639749,LOCKED
47179,319.697,-45531731639337,31034,117177,31077.6,36404.8,9.0,-0.182,-634715,LOCKED
47180,320.698,-45531731672284,-29576,56567,30959.0,36258.6,9.2,-0.178,-595834,LOCKED
47181,321.697,-45531731644439,-32394,53749,30998.4,35755.8,9.1,-0.182,-707711,LOCKED
47182,322.697,-45531731627382,-44821,41322,30998.7,35752.1,9.1,-0.179,-655044,LOCKED
47183,323.697,-45531731578552,-26608,59535,31024.3,35496.2,9.2,-0.176,-636550,LOCKED
47184,324.698,-45531731548276,-26955,59188,31049.5,35240.2,9.3,-0.181,-618744,LOCKED
47185,325.698,-45531731511206,-20908,65235,31083.0,34933.7,9.1,-0.169,-638134,LOCKED
47186,326.697,-45531731482189,-22755,63388,31110.2,34683.2,9.1,-0.176,-636443,LOCKED
47187,327.697,-45531731456310,-26880,59263,31100.6,34753.5,9.3,-0.174,-646710,LOCKED
47188,328.699,-45531731428451,-28019,58124,31043.9,34956.3,9.2,-0.170,-649510,LOCKED
47189,329.698,-45531731366995,3075,89218,31005.2,34791.6,9.7,-0.182,-607730,LOCKED
47190,330.697,-45531731311518,24293,110436,31124.8,34435.5,9.6,-0.179,-597003,LOCKED
47191,331.699,-45531731293923,9214,95357,31185.6,34284.2,9.5,-0.166,-628782,LOCKED
47192,332.698,-45531731267235,4568,90711,31185.3,34283.7,9.7,-0.138,-659397,LOCKED
47193,333.697,-45531731235966,2096,88239,31307.5,33033.3,9.7,-0.145,-643261,LOCKED
47194,334.698,-45531731204526,407,86550,31396.4,32319.0,9.8,-0.123,-647509,LOCKED
47195,335.698,-45531731172870,-1196,84947,31490.0,31458.8,9.8,-0.104,-643950,LOCKED
47196,336.698,-45531731156816,-17965,68178,31585.5,29981.1,9.9,-0.085,-654926,LOCKED
47197,337.698,-45531731127130,-17830,68313,31515.2,29926.3,9.9,-0.082,-657494,LOCKED
47198,338.698,-45531731090315,-10983,75160,31457.4,29814.5,9.9,-0.063,-639109,LOCKED
47199,339.698,-45531731066661,-17149,68994,31405.4,29857.3,9.8,-0.043,-641997,LOCKED
47200,340.698,-45531731013769,2957,89100,31468.4,29522.9,9.8,-0.039,-631187,LOCKED
47201,341.698,-45531730978886,5521,91664,31501.1,29478.8,9.7,-0.051,-613907,LOCKED
47202,342.699,-45531730950109,2809,88952,31495.8,29470.6,9.7,-0.037,-637112,LOCKED
47203,343.698,-45531730932591,-10442,75701,31477.4,29504.7,9.8,-0.025,-658738,LOCKED
47204,344.698,-45531730900181,-8764,77379,31455.4,29524.2,9.8,-0.022,-654282,LOCKED
47205,345.698,-45531730876121,-14636,71507,31404.9,29528.3,9.8,-0.019,-646348,LOCKED
47206,346.698,-45531730841251,-9884,76259,31358.1,29470.3,9.8,-0.017,-643424,LOCKED
47207,347.698,-45531730820429,-18336,67807,31286.1,29414.6,9.8,-0.022,-644144,LOCKED
47208,348.700,-45531730786740,-14086,72057,31218.8,29290.8,9.8,-0.020,-648452,LOCKED
47209,349.699,-45531730752113,-9447,76696,31174.0,29237.5,9.8,-0.018,-634104,LOCKED
47210,350.699,-45531730699956,10540,96683,31205.4,29255.4,9.8,-0.023,-600737,LOCKED
47211,351.699,-45531730667187,11588,97731,31211.5,29276.8,9.8,-0.021,-627605,LOCKED
47212,352.699,-45531730628139,18429,104572,31229.7,29363.4,9.8,-0.025,-629026,LOCKED
47213,353.699,-45531730601271,13917,100060,31213.9,29258.6,9.7,-0.030,-634354,LOCKED
47214,354.699,-45531730570661,13820,99963,31165.9,28781.0,9.7,-0.034,-648400,LOCKED
47215,355.699,-45531730556267,-1192,84951,31081.4,28063.8,9.7,-0.039,-638814,LOCKED
47216,356.699,-45531730549801,-22750,63393,30968.9,27668.1,9.3,-0.045,-656314,LOCKED
47217,357.699,-45531730467115,28511,114654,30943.8,27326.2,9.6,-0.054,-656705,LOCKED
47218,358.699,-45531730437210,27273,113416,30908.1,26806.6,9.6,-0.058,-586220,LOCKED
47219,359.699,-45531730396334,36668,122811,30875.2,26204.2,9.8,-0.066,-634947,LOCKED
47220,360.699,-45531730422676,-17934,68209,30776.5,25796.4,9.4,-0.073,-684719,LOCKED
47221,361.699,-45531730392828,-15488,70655,30636.3,24358.2,9.6,-0.081,-701077,LOCKED
47222,362.700,-45531730361223,-14379,71764,30653.4,24215.6,9.2,-0.089,-637131,LOCKED
47223,363.699,-45531730328739,-13029,73114,30698.8,23699.0,9.4,-0.097,-640028,LOCKED
47224,364.699,-45531730284303,-361,85782,30752.0,23329.3,10.2,-0.106,-625831,LOCKED
47225,365.700,-45531730254843,-2717,83426,30808.8,22839.5,10.3,-0.114,-626933,LOCKED
47226,366.699,-45531730220387,-268,85875,30868.2,22364.2,10.6,-0.117,-642019,LOCKED
47227,367.700,-45531730169529,17539,103682,30946.3,22189.2,10.9,-0.119,-619147,LOCKED
47228,368.700,-45531730134507,19880,106023,30998.5,22312.7,11.6,-0.123,-615300,LOCKED
47229,369.700,-45531730097623,24894,111037,30999.8,22328.6,11.8,-0.124,-630826,LOCKED
47230,370.700,-45531730137549,-42385,43758,30891.2,22904.4,12.4,-0.132,-706471,LOCKED
47231,371.700,-45531730098329,-32895,53248,30888.9,22938.5,12.9,-0.133,-705554,LOCKED
47232,372.699,-45531730075299,-39028,47115,30869.1,23239.4,13.5,-0.134,-638556,LOCKED
47233,373.700,-45531730040216,-32223,53920,30795.4,23610.2,13.9,-0.140,-647508,LOCKED
47234,374.700,-45531730008538,-30218,55925,30790.5,23672.1,14.4,-0.139,-638821,LOCKED
47235,375.700,-45531729974676,-26753,59390,30815.8,23288.2,14.6,-0.138,-639302,LOCKED
47236,376.700,-45531729940832,-23235,62908,30830.4,23106.1,14.7,-0.144,-636314,LOCKED
47237,377.700,-45531729907978,-20949,65194,30852.4,22831.6,15.1,-0.140,-636773,LOCKED
47238,378.700,-45531729878930,-22453,63690,30875.1,22528.1,15.5,-0.135,-644418,LOCKED
47239,379.700,-45531729833848,-9002,77141,30927.3,21938.4,15.9,-0.129,-627011,LOCKED
47240,380.700,-45531729782008,11894,98037,30908.3,21780.2,15.9,-0.111,-606644,LOCKED
47241,381.700,-45531729761331,2453,88596,30865.3,21473.1,16.2,-0.101,-627793,LOCKED
47242,382.700,-45531729727318,6655,92798,30802.4,20701.1,16.9,-0.084,-647558,LOCKED
47243,383.700,-45531729705846,-1594,84549,30751.9,20369.1,16.8,-0.056,-646689,LOCKED
47244,384.700,-45531729685396,-10133,76010,30682.1,20014.1,16.7,-0.060,-661526,LOCKED
47245,385.700,-45531729656356,-10153,75990,30619.2,19755.6,16.7,-0.055,-649021,LOCKED
47246,386.701,-45531729613508,2923,89066,30572.7,19350.6,16.4,-0.035,-639344,LOCKED
47247,387.700,-45531729588234,-1018,85125,30507.6,18720.1,16.2,-0.028,-635544,LOCKED
47248,388.700,-45531729569402,-10492,75651,30416.8,17917.6,16.2,-0.018,-654475,LOCKED
47249,389.701,-45531729561957,-30838,55305,30339.1,18309.0,15.3,0.030,-672181,LOCKED
47250,390.701,-45531729489469,10255,96398,30373.9,18315.5,15.3,0.035,-628928,LOCKED
47251,391.701,-45531729457456,11192,97335,30389.8,18376.1,14.7,0.082,-600018,LOCKED
47252,392.701,-45531729437399,990,87133,30381.7,18361.0,14.6,0.065,-645710,LOCKED
47253,393.701,-45531729400513,7175,93318,30385.4,18374.0,14.6,0.054,-645676,LOCKED
47254,394.701,-45531729361287,15111,101254,30404.8,18479.8,14.4,0.042,-628079,LOCKED
47255,395.701,-45531729351245,-4824,81319,30391.8,18488.1,14.7,0.012,-644306,LOCKED
47256,396.701,-45531729339455,-21326,64817,30324.1,18565.8,14.7,-0.004,-670817,LOCKED
47257,397.701,-45531729298295,-9145,76998,30273.2,18410.3,14.5,-0.018,-669137,LOCKED
47258,398.701,-45531729254029,5034,91177,30255.6,18309.3,14.4,-0.029,-617662,LOCKED
47259,399.701,-45531729208023,20183,106326,30251.5,18259.0,14.4,-0.047,-608687,LOCKED
47260,400.701,-45531729136511,57473,143616,30351.0,19856.8,14.2,-0.054,-582853,LOCKED
47261,401.701,-45531729095884,63150,149293,30471.9,21615.0,14.2,-0.060,-592397,LOCKED
47262,402.701,-45531729071052,53544,139687,30577.6,22786.7,14.1,-0.078,-640083,LOCKED
47263,403.701,-45531729032786,57381,143524,30671.4,24076.3,13.5,-0.086,-638282,LOCKED
47264,404.701,-45531728997150,58305,144448,30772.9,25344.6,13.6,-0.099,-631693,LOCKED
47265,405.701,-45531728963514,57360,143503,30864.6,26505.6,14.2,-0.116,-634914,LOCKED
47266,406.701,-45531728933834,52501,138644,30957.8,27447.6,15.3,-0.135,-642661,LOCKED
47267,407.702,-45531728917805,35382,121525,31006.5,27845.9,16.0,-0.148,-764076,LOCKED
47268,408.702,-45531728891713,28625,114768,31049.4,28110.2,15.8,-0.153,-655638,LOCKED
47269,409.702,-45531728844085,42260,128403,31123.7,28689.9,16.0,-0.160,-525928,LOCKED
47270,410.702,-45531728903775,-46153,39990,31082.6,29204.5,17.0,-0.172,-719596,LOCKED
47271,411.702,-45531728882757,-53372,32771,31031.6,29908.8,17.1,-0.176,-738348,LOCKED
47272,412.702,-45531728852117,-51338,34805,30997.9,30399.4,17.1,-0.177,-651938,LOCKED
47273,413.702,-45531728729449,36763,122906,31112.1,30564.5,17.8,-0.184,-657390,LOCKED
47274,414.702,-45531728698579,33107,119250,31224.8,30602.1,18.1,-0.186,-547333,LOCKED
47275,415.702,-45531728675542,22710,108853,31295.7,30663.2,18.3,-0.186,-650145,LOCKED
47276,416.702,-45531728643280,22307,108450,31325.8,30804.6,18.8,-0.188,-650010,LOCKED
47277,417.702,-45531728612220,19051,105194,31441.1,30255.8,20.0,-0.194,-638100,LOCKED
47278,418.702,-45531728582592,14481,100624,31552.5,29577.8,20.4,-0.192,-642823,LOCKED
47279,419.702,-45531728535700,25803,111946,31707.1,28556.3,21.0,-0.193,-630206,LOCKED
47280,420.702,-45531728577591,-45005,41138,31644.9,29174.2,21.0,-0.186,-592744,LOCKED
47281,421.702,-45531728558006,-53581,32562,31562.9,30053.6,21.2,-0.182,-728129,LOCKED
47282,422.702,-45531728539327,-62323,23820,31463.1,31213.9,20.9,-0.171,-666073,LOCKED
47283,423.703,-45531728506303,-56964,29179,31371.3,32152.1,21.4,-0.166,-651269,LOCKED
47284,424.702,-45531728389229,26339,112482,31445.4,32277.9,21.4,-0.164,-655491,LOCKED
47285,425.703,-45531728359947,22070,108213,31512.2,32343.8,21.5,-0.155,-557221,LOCKED
47286,426.703,-45531728329126,19293,105436,31582.6,32326.0,21.6,-0.144,-641623,LOCKED
47287,427.703,-45531728295428,18608,104751,31689.3,31912.7,21.5,-0.132,-640357,LOCKED
47288,428.703,-45531728272344,7712,93855,31789.1,31223.2,21.5,-0.126,-647254,LOCKED
47289,429.703,-45531728244310,1767,87910,31893.8,30214.9,21.4,-0.111,-653076,LOCKED
47290,430.703,-45531728282797,-63827,0,31764.8,31405.7,21.6,-0.101,-613091,LOCKED
47291,431.703,-45531728205612,-17036,46791,31725.8,31482.8,21.6,-0.091,-740070,LOCKED
47292,432.703,-45531728147931,8836,72663,31715.2,31440.6,21.5,-0.079,-604174,LOCKED
47293,433.703,-45531728118477,6556,70383,31705.2,31409.1,21.5,-0.065,-619161,LOCKED
47294,434.703,-45531728166791,-68256,0,31562.9,32701.3,21.5,-0.049,-619730,LOCKED
47295,435.703,-45531728139552,-67396,860,31420.3,33905.2,21.3,-0.044,-721506,LOCKED
47296,436.704,-45531728109336,-63643,4613,31282.6,34930.9,21.0,-0.018,-648481,LOCKED
47297,437.704,-45531727985460,27622,95878,31301.9,35059.2,20.8,-0.005,-653427,LOCKED
47298,438.705,-45531727943214,36692,104948,31332.9,35317.0,20.8,-0.005,-433085,LOCKED
47299,439.704,-45531727928970,18506,86762,31356.0,35399.0,20.7,0.012,-749754,LOCKED
47300,440.704,-45531727943423,-26044,42212,31337.5,35513.2,20.2,0.048,-596926,LOCKED
47301,441.704,-45531727913616,-25946,42310,31300.7,35681.2,20.1,0.060,-689783,LOCKED
47302,442.703,-45531727895380,-36710,31546,31248.7,36014.9,20.4,0.047,-653063,LOCKED
47303,443.704,-45531727867335,-37202,31054,31177.4,36364.4,19.8,0.091,-655763,LOCKED
47304,444.704,-45531727829299,-27843,40413,31100.8,36497.4,19.7,0.078,-635260,LOCKED
47305,445.704,-45531727779007,-7424,60832,31052.8,36410.6,19.2,0.066,-615279,LOCKED
47306,446.704,-45531727748369,-7003,61253,31023.4,36398.7,18.6,0.057,-621700,LOCKED
47307,447.704,-45531727735491,-22963,45293,30954.2,36463.3,18.5,0.041,-657029,LOCKED
47308,448.704,-45531727720038,-34944,33312,30839.3,36535.6,17.8,0.037,-675967,LOCKED
47309,449.704,-45531727603822,49065,117321,30824.8,36312.6,17.1,0.033,-568269,LOCKED
47310,450.704,-45531727646306,-22070,46186,30754.7,36354.7,16.8,0.032,-635793,LOCKED
47311,451.704,-45531727626295,-30056,38200,30669.2,36494.9,16.0,0.032,-732527,LOCKED
47312,452.704,-45531727610424,-40882,27374,30541.9,36663.2,15.3,0.040,-664082,LOCKED
47313,453.704,-45531727582356,-39570,28686,30421.7,36845.1,14.5,0.048,-658834,LOCKED
47314,454.705,-45531727465742,44378,112634,30458.1,37196.6,13.5,0.051,-657853,LOCKED
47315,455.704,-45531727421642,55717,123973,30478.5,37483.0,14.3,0.070,-433780,LOCKED
47316,456.705,-45531727402586,43543,111799,30442.9,36942.2,13.9,0.079,-637192,LOCKED
47317,457.705,-45531727375980,38992,107248,30413.0,36535.6,13.8,0.092,-653330,LOCKED
47318,458.705,-45531727354907,29214,97470,30385.8,36245.8,13.3,0.101,-651050,LOCKED
47319,459.705,-45531727340219,13675,81931,30355.2,36046.1,13.1,0.104,-662908,LOCKED
47320,460.705,-45531727290161,30929,99185,30424.1,36272.3,12.6,0.114,-637056,LOCKED
47321,461.705,-45531727331154,-38529,29727,30392.0,36544.7,12.5,0.128,-693488,LOCKED
47322,462.706,-45531727219649,39325,107581,30486.7,36878.8,12.8,0.136,-740576,LOCKED
47323,463.706,-45531727177823,46540,114796,30612.0,37263.3,12.7,0.144,-441504,LOCKED
47324,464.705,-45531727148595,41109,109365,30742.4,37406.5,12.8,0.149,-627328,LOCKED
47325,465.705,-45531727129328,26373,94629,30858.8,37183.0,13.2,0.154,-653192,LOCKED
47326,466.706,-45531727104636,17475,85731,30964.0,36808.1,13.3,0.154,-653969,LOCKED
47327,467.705,-45531727087230,2622,70878,31023.3,36565.5,14.1,0.160,-661054,LOCKED
47328,468.706,-45531727061914,-3835,64421,31066.6,36363.6,14.4,0.166,-655865,LOCKED
47329,469.706,-45531727041074,-14711,53545,31123.1,35856.7,15.1,0.169,-652922,LOCKED
47330,470.705,-45531726987407,8695,76951,31066.1,35438.2,15.5,0.167,-626465,LOCKED
47331,471.706,-45531726953152,12903,81159,30994.5,34722.6,16.1,0.168,-613360,LOCKED
47332,472.706,-45531726930529,6150,74406,30904.7,33847.1,17.1,0.175,-650090,LOCKED
47333,473.706,-45531726913465,-8211,60045,30944.0,33609.5,17.4,0.168,-661141,LOCKED
47334,474.705,-45531726889401,-15188,53068,30974.1,33384.6,17.9,0.166,-663124,LOCKED
47335,475.706,-45531726866571,-22686,45570,30980.1,33338.0,18.0,0.162,-647429,LOCKED
47336,476.706,-45531726842507,-28625,39631,30979.8,33341.1,18.2,0.150,-654301,LOCKED
47337,477.706,-45531726817307,-33150,35106,30973.3,33404.8,18.0,0.129,-650688,LOCKED
47338,478.706,-45531726803416,-47932,20324,30940.1,33804.6,18.1,0.112,-646708,LOCKED
47339,479.706,-45531726749954,-25266,42990,30975.2,33418.0,17.8,0.093,-656896,LOCKED
47340,480.706,-45531726684812,9167,77423,30946.8,33263.2,18.1,0.078,-580716,LOCKED
47341,481.706,-45531726666679,-2137,66119,30876.1,32858.2,18.0,0.063,-596459,LOCKED
47342,482.706,-45531726670827,-32975,35281,30725.2,32368.6,18.0,0.056,-660747,LOCKED
47343,483.707,-45531726583519,23929,92185,30669.5,31640.8,17.6,0.025,-669895,LOCKED
47344,484.706,-45531726554618,19795,88051,30752.8,31530.9,17.6,0.012,-583686,LOCKED
47345,485.706,-45531726517616,23388,91644,30844.5,31446.8,17.4,-0.016,-630464,LOCKED
47346,486.707,-45531726479790,27338,95594,30948.0,31371.2,17.1,-0.046,-627494,LOCKED
47347,487.707,-45531726444898,27994,96250,31063.1,31184.7,17.1,-0.039,-629846,LOCKED
47348,488.707,-45531726419418,19844,88100,31156.2,30973.2,17.0,-0.036,-642548,LOCKED
47349,489.707,-45531726393168,12861,81117,31236.9,30693.7,16.9,-0.053,-651240,LOCKED
47350,490.707,-45531726347649,26505,94761,31224.1,30561.4,16.5,-0.071,-738595,LOCKED
47351,491.706,-45531726332408,9479,77735,31259.6,30553.6,16.5,-0.079,-539348,LOCKED
47352,492.707,-45531726316392,-6666,61590,31315.0,30122.0,16.2,-0.105,-670627,LOCKED
47353,493.707,-45531726279784,-2578,65678,31378.6,29658.8,15.9,-0.150,-652918,LOCKED
47354,494.706,-45531726246148,975,69231,31313.2,29200.8,15.5,-0.190,-633229,LOCKED
47355,495.706,-45531726212072,4994,73250,31243.2,28563.7,15.2,-0.174,-641892,LOCKED
47356,496.707,-45531726173986,12698,80954,31179.6,27833.8,15.1,-0.164,-635496,LOCKED
47357,497.707,-45531726140964,12234,80490,31272.7,27326.7,15.0,-0.156,-632218,LOCKED
47358,498.707,-45531726111114,8272,76528,31383.7,26307.5,14.6,-0.147,-641330,LOCKED
47359,499.707,-45531726073272,12371,80627,31479.2,25735.0,14.5,-0.152,-638292,LOCKED
47360,500.707,-45531726128746,-69715,0,31356.0,27421.1,14.4,-0.148,-718238,LOCKED
47361,501.707,-45531726001313,24800,94515,31391.5,27620.1,14.1,-0.136,-736443,LOCKED
47362,502.707,-45531725975652,18402,88117,31393.6,27634.7,13.1,-0.125,-550460,LOCKED
47363,503.707,-45531725951790,10866,80581,31375.8,27525.9,12.5,-0.124,-654127,LOCKED
47364,504.708,-45531725907722,22542,92257,31388.1,27615.8,12.4,-0.118,-533484,LOCKED
47365,505.707,-45531725881070,16543,86258,31422.7,27703.7,12.2,-0.113,-627475,LOCKED
47366,506.707,-45531725842416,22122,91837,31467.1,27862.7,12.0,-0.109,-643306,LOCKED
47367,507.707,-45531725818370,14225,83940,31466.7,27861.1,11.3,-0.113,-639584,LOCKED
47368,508.707,-45531725780522,20296,90011,31448.1,27680.7,11.0,-0.111,-641487,LOCKED
47369,509.708,-45531725755477,11242,80957,31559.8,26792.7,10.7,-0.110,-635884,LOCKED
47370,510.708,-45531725799333,-59415,10300,31424.8,27879.4,10.3,-0.110,-738542,LOCKED
47371,511.708,-45531725759510,-46623,23092,31286.4,28250.5,9.9,-0.110,-711588,LOCKED
47372,512.708,-45531725732476,-45846,23869,31115.5,28065.6,9.9,-0.114,-634016,LOCKED
47373,513.709,-45531725705028,-44296,25419,30932.8,27525.9,9.8,-0.114,-649942,LOCKED
47374,514.708,-45531725660192,-29084,40631,30916.9,27674.5,9.3,-0.118,-635978,LOCKED
47375,515.707,-45531725630538,-29492,40223,30924.0,27588.9,9.2,-0.117,-628615,LOCKED
47376,516.708,-45531725612122,-40035,29680,30894.1,27945.8,9.1,-0.118,-652198,LOCKED
47377,517.708,-45531725591654,-47808,21907,30843.4,28575.5,9.1,-0.117,-662003,LOCKED
47378,518.709,-45531725563956,-47930,21785,30774.6,29283.6,9.0,-0.120,-654861,LOCKED
47379,519.709,-45531725531158,-42639,27076,30684.9,29828.2,8.4,-0.127,-645614,LOCKED
47380,520.708,-45531725476921,-18138,51577,30668.5,29906.1,8.3,-0.133,-598321,LOCKED
47381,521.708,-45531725459061,-26836,42879,30511.1,28889.9,8.3,-0.133,-622116,LOCKED
47382,522.708,-45531725414756,-12618,57097,30511.3,28889.0,8.3,-0.133,-656472,LOCKED
47383,523.708,-45531725388526,-16617,53098,30525.1,28785.7,8.0,-0.139,-629920,LOCKED
47384,524.708,-45531725367268,-25010,44705,30523.8,28797.0,7.9,-0.146,-646938,LOCKED
47385,525.708,-45531725347443,-33848,35867,30488.7,29100.9,8.0,-0.149,-646794,LOCKED
47386,526.708,-45531725278762,3802,73517,30509.1,29086.3,8.0,-0.151,-636849,LOCKED
47387,527.709,-45531725240674,10795,80510,30519.9,29116.4,7.9,-0.146,-592645,LOCKED
47388,528.709,-45531725207199,13182,82897,30525.8,29141.2,7.9,-0.148,-630307,LOCKED
47389,529.708,-45531725161161,27484,97199,30539.5,29257.5,7.8,-0.144,-625963,LOCKED
47390,530.709,-45531725200273,-39528,30187,30475.6,29742.9,7.8,-0.139,-693554,LOCKED
47391,531.709,-45531725160054,-28036,41679,30436.4,29975.8,7.8,-0.133,-700409,LOCKED
47392,532.709,-45531725117026,-14348,55367,30406.4,30036.7,7.4,-0.117,-618152,LOCKED
47393,533.709,-45531725083184,-9642,60073,30360.0,29978.4,7.4,-0.108,-622815,LOCKED
47394,534.709,-45531725054690,-9939,59776,30299.4,29822.0,7.3,-0.098,-640352,LOCKED
47395,535.710,-45531725030424,-13796,55919,30215.3,29518.6,7.4,-0.097,-645991,LOCKED
47396,536.710,-45531724986166,1670,71385,30142.5,28931.3,7.3,-0.084,-637915,LOCKED
47397,537.709,-45531724958356,1083,70798,30054.9,28088.5,7.2,-0.069,-629398,LOCKED
47398,538.711,-45531724926462,5090,74805,29939.8,26403.9,7.0,-0.056,-644417,LOCKED
47399,539.710,-45531724893619,9205,78920,29864.8,25474.6,7.0,-0.056,-639816,LOCKED
47400,540.711,-45531724822963,47411,117126,29913.0,26135.3,6.7,-0.042,-595220,LOCKED
47401,541.710,-45531724797096,41593,111308,29930.8,26395.6,6.7,-0.041,-606639,LOCKED
47402,542.710,-45531724764054,44005,113720,29891.8,25525.8,6.6,-0.055,-641353,LOCKED
47403,543.709,-45531724742424,33813,103528,29930.3,25885.5,6.6,-0.054,-643225,LOCKED
47404,544.710,-45531724723357,21874,91589,29946.8,26000.1,6.8,-0.066,-661522,LOCKED
47405,545.710,-45531724683529,29874,99589,29989.5,26304.0,6.8,-0.064,-640814,LOCKED
47406,546.709,-45531724660245,21563,91278,30032.5,26463.4,6.7,-0.082,-637617,LOCKED
47407,547.710,-45531724623427,26210,95925,30094.0,26674.7,6.6,-0.085,-642317,LOCKED
47408,548.712,-45531724590757,26723,96438,30150.9,26909.0,6.5,-0.086,-631009,LOCKED
47409,549.711,-45531724559515,25898,95613,30202.0,27134.3,6.6,-0.096,-639719,LOCKED
47410,550.710,-45531724513392,38444,108159,30303.9,27502.4,6.7,-0.106,-622376,LOCKED
47411,551.710,-45531724499197,20637,90352,30353.0,27626.8,6.6,-0.106,-644514,LOCKED
47412,552.710,-45531724478316,10630,80345,30361.5,27653.5,6.6,-0.105,-661780,LOCKED
47413,553.710,-45531724449105,8847,78562,30377.9,27679.5,6.4,-0.111,-655430,LOCKED
47414,554.710,-45531724417249,9517,79232,30401.8,27704.1,6.4,-0.110,-639712,LOCKED
47415,555.710,-45531724387965,7573,77288,30429.8,27699.7,6.5,-0.116,-642855,LOCKED
47416,556.710,-45531724373321,-8242,61473,30445.0,27627.0,6.7,-0.122,-658295,LOCKED
47417,557.710,-45531724360475,-24840,44875,30437.2,27694.4,6.8,-0.128,-669825,LOCKED
47418,558.710,-45531724240424,59885,129600,30577.8,28731.5,6.9,-0.133,-673452,LOCKED
47419,559.711,-45531724207166,57459,127174,30733.1,29470.6,6.7,-0.139,-441204,LOCKED
47420,560.710,-45531724247254,-10797,58918,30625.0,28687.1,7.3,-0.148,-713014,LOCKED
47421,561.710,-45531724228041,-22166,47549,30659.8,28274.7,7.3,-0.151,-722173,LOCKED
47422,562.710,-45531724196588,-21288,48427,30691.1,27920.4,7.3,-0.153,-650620,LOCKED
47423,563.711,-45531724179162,-33449,36266,30692.6,27901.7,7.4,-0.157,-647855,LOCKED
47424,564.712,-45531724155108,-39109,30606,30709.6,27617.1,7.4,-0.158,-666353,LOCKED
47425,565.710,-45531724063946,18396,88111,30823.9,26991.9,7.4,-0.159,-649932,LOCKED
47426,566.711,-45531724083764,-32100,37615,30870.3,26160.5,7.8,-0.163,-563417,LOCKED
47427,567.711,-45531724061180,-39582,30133,30896.7,25655.6,8.2,-0.169,-698888,LOCKED
47428,568.711,-45531723933257,51576,121291,31099.3,25135.2,8.5,-0.172,-655705,LOCKED
47429,569.711,-45531723908039,40583,110298,31283.1,24209.6,8.8,-0.173,-437302,LOCKED
47430,570.711,-45531723952963,-33140,36575,31216.2,24615.0,9.1,-0.174,-731313,LOCKED
47431,571.711,-45531723926159,-35179,34536,31158.1,25072.7,9.3,-0.175,-722527,LOCKED
47432,572.711,-45531723893465,-31350,38365,31097.6,25427.9,10.1,-0.181,-640390,LOCKED
47433,573.712,-45531723851433,-18816,50899,31050.3,25532.0,10.1,-0.178,-624026,LOCKED
47434,574.712,-45531723806930,-5161,64554,31048.9,25534.6,10.7,-0.177,-617101,LOCKED
47435,575.712,-45531723762112,7944,77659,31068.3,25553.9,10.8,-0.179,-617619,LOCKED
47436,576.712,-45531723733034,5868,75583,31062.8,25536.9,10.7,-0.174,-630638,LOCKED
47437,577.711,-45531723707184,1281,70996,31029.9,25391.9,10.6,-0.169,-649644,LOCKED
47438,578.712,-45531723673530,4476,74191,30994.4,25176.2,10.6,-0.164,-645656,LOCKED
47439,579.711,-45531723642488,5045,74760,30960.3,24965.1,10.5,-0.157,-638203,LOCKED
47440,580.712,-45531723573014,40818,110533,31027.0,25570.3,10.5,-0.157,-604504,LOCKED
47441,581.712,-45531723552121,29176,98891,31052.5,25799.0,10.4,-0.150,-615805,LOCKED
47442,582.712,-45531723538329,11186,80901,31069.8,25843.0,10.3,-0.141,-669393,LOCKED
47443,583.711,-45531723516491,2024,71739,31063.0,25832.1,10.2,-0.133,-668323,LOCKED
47444,584.712,-45531723491027,-2808,66907,31029.9,25742.9,10.3,-0.132,-654652,LOCKED
47445,585.711,-45531723458614,-384,69331,30979.4,25451.2,10.3,-0.132,-647689,LOCKED
47446,586.713,-45531723436090,-8506,61209,30977.2,25458.4,10.2,-0.121,-647582,LOCKED
47447,587.712,-45531723405488,-8789,60926,30987.3,25409.5,10.1,-0.109,-648648,LOCKED
47448,588.712,-45531723364802,259,69974,31018.9,25295.0,9.9,-0.093,-635122,LOCKED
47449,589.713,-45531723332970,-131,69584,31078.3,24869.8,9.7,-0.077,-623900,LOCKED
47450,590.712,-45531723279499,21941,91656,31057.4,24623.0,9.6,-0.033,-615758,LOCKED
47451,591.712,-45531723255048,15212,84927,31038.1,24451.5,9.7,-0.008,-629082,LOCKED
47452,592.712,-45531723227398,11572,81287,31031.2,24411.2,9.7,0.015,-650845,LOCKED
47453,593.712,-45531723203352,4735,74450,31016.1,24352.0,9.6,0.037,-651816,LOCKED
47454,594.713,-45531723174933,2554,72269,30991.3,24249.2,9.5,0.045,-650009,LOCKED
47455,595.712,-45531723153245,-5496,64219,30938.8,24032.4,9.4,0.056,-652392,LOCKED
47456,596.712,-45531723124791,-7027,62688,30903.7,23986.2,9.2,0.070,-653872,LOCKED
47457,597.713,-45531723093721,-5839,63876,30863.1,23884.4,9.0,0.103,-646197,LOCKED
47458,598.714,-45531723074473,-15730,53985,30804.6,23859.6,9.0,0.091,-656324,LOCKED
47459,599.713,-45531723048029,-18204,51511,30742.1,23870.5,9.0,0.081,-654474,LOCKED
47460,600.713,-45531722980360,16817,86532,30807.8,23815.0,8.9,0.073,-612343,LOCKED
