42890,-42813061484444,-52045,3666,31397.5,32570.0,8.6,0.027,83335939,-625617,LOCKED,0.999968602000,42908670420082
42891,-42813061368970,29027,84738,31496.9,32592.3,8.3,0.023,83335939,-643398,LOCKED,0.999968503000,42909670494581
42892,-42813061335500,29328,85039,31530.2,32804.9,8.3,0.024,83335940,-638959,LOCKED,0.999968470000,42910670587046
42893,-42813061385682,-47864,7847,31387.7,33133.3,8.3,0.024,83335939,-617158,LOCKED,0.999968612000,42911670671654
42894,-42813061341008,-33306,22405,31380.7,33203.2,8.3,0.028,83335940,-600116,LOCKED,0.999968619000,42912670754269
42895,-42813061290565,-13996,41715,31391.8,33142.3,8.3,0.029,83335940,-580183,LOCKED,0.999968608000,42913670835873
42896,-42813061249079,-3593,52118,31382.6,33145.2,8.3,0.032,83335940,-564523,LOCKED,0.999968617000,42914670921486
42897,-42813061199021,14188,69899,31403.0,33199.2,8.3,0.033,83335939,-549932,LOCKED,0.999968597000,42915671002079
42898,-42813061165423,15386,71097,31426.4,33263.8,8.2,0.034,83335939,-539727,LOCKED,0.999968574000,42916671064649
42899,-42813061170545,-19514,36197,31377.8,33350.6,8.2,0.036,83335939,-542128,LOCKED,0.999968622000,42917671026271
42900,-42813061157487,-36157,19554,31355.6,33558.7,7.8,0.044,83335940,-638744,LOCKED,0.999968644000,42918671220908
42901,-42813061037765,50671,106382,31346.8,33411.1,7.8,0.045,83335940,-511507,LOCKED,0.999968653000,42919671180561
42902,-42813061019271,36336,92047,31359.1,33538.5,7.8,0.044,83335940,-627831,LOCKED,0.999968641000,42920671272197
42903,-42813061072080,-44912,10799,31290.4,34079.7,7.8,0.049,83335940,-606618,LOCKED,0.999968710000,42921671354903
42904,-42813061031626,-34340,21371,31278.4,34194.3,7.9,0.049,83335940,-593984,LOCKED,0.999968722000,42922671450620
42905,-42813060980576,-14872,40839,31318.1,33872.8,7.9,0.047,83335939,-572608,LOCKED,0.999968682000,42923671540298
42906,-42813060931090,3211,58922,31316.9,33871.5,7.8,0.052,83335940,-553256,LOCKED,0.999968683000,42924671614977
42907,-42813060900064,4372,60083,31238.2,33209.6,8.2,0.051,83335941,-550436,LOCKED,0.999968762000,42925671698735
42908,-42813060858397,13097,68808,31300.2,33119.7,8.3,0.050,83335940,-535141,LOCKED,0.999968700000,42926671775431
42909,-42813060822719,18031,73742,31242.8,32486.1,8.3,0.048,83335940,-535486,LOCKED,0.999968757000,42927671850184
42910,-42813060769657,39318,95029,31203.4,31835.4,8.3,0.053,83335940,-510638,LOCKED,0.999968797000,42928671930977
42911,-42813060731615,42190,97901,31328.1,32107.1,8.3,0.051,83335940,-503842,LOCKED,0.999968672000,42929672008645
42912,-42813060692581,48105,103816,31336.0,32225.4,8.1,0.040,83335939,-496019,LOCKED,0.999968664000,42930671974309
# STATS: PDUs=117 CSV=116 Gaps=0 Dups=0 Skip=0 d_min=-55711 ns drift=31336.0 ns/s sigma=32225.4 ns state=LOCKED clk_err=+0 ns
42913,-42813060666087,40511,96222,31403.8,32690.6,8.0,0.047,83335939,-604054,LOCKED,0.999968596000,42931672116899
42914,-42813060682632,-7692,48019,31429.1,32569.0,8.1,0.044,83335940,-537401,LOCKED,0.999968571000,42932672073470
42915,-42813060699384,-53501,2210,31401.7,32971.3,7.8,0.028,83335940,-589673,LOCKED,0.999968598000,42933672154064
42916,-42813060657526,-39627,16084,31299.6,33312.2,7.8,0.025,83335939,-579125,LOCKED,0.999968700000,42934672231760
42917,-42813060627279,-39044,16667,31284.3,33479.8,7.8,0.031,83335940,-579116,LOCKED,0.999968716000,42935672311472
42918,-42813060594229,-33886,21825,31173.9,33563.6,7.8,0.027,83335939,-574112,LOCKED,0.999968826000,42936672397294
42919,-42813060540191,-11680,44031,31225.8,33131.1,8.0,0.047,83335941,-550203,LOCKED,0.999968774000,42937672472064
42920,-42813060490485,6020,61731,31254.1,33112.5,8.1,0.041,83335939,-533229,LOCKED,0.999968746000,42938672553806
42921,-42813060466827,-2502,53209,31303.8,32848.4,8.1,0.040,83335940,-537705,LOCKED,0.999968696000,42939672636498
42922,-42813060426820,7164,62875,31244.5,32388.4,7.8,0.023,83335940,-526232,LOCKED,0.999968755000,42940672712250
42923,-42813060384750,17792,73503,31224.6,32235.9,7.8,0.020,83335940,-515364,LOCKED,0.999968775000,42941672799021
42924,-42813060334100,35128,90839,31268.8,32559.0,7.7,0.033,83335940,-493351,LOCKED,0.999968731000,42942672878748
42925,-42813060298074,36323,92034,31383.4,32693.4,7.6,0.048,83335940,-482969,LOCKED,0.999968617000,42943672953361
42926,-42813060313984,-8457,47254,31273.9,31881.6,7.7,0.030,83335939,-481661,LOCKED,0.999968726000,42944673036083
42927,-42813060314737,-36436,19275,31135.6,31743.9,7.7,0.036,83335940,-475767,LOCKED,0.999968864000,42945673006947
42928,-42813060294227,-43022,12689,31008.6,32029.4,7.7,0.025,83335939,-576330,LOCKED,0.999968991000,42946673083935
42929,-42813060259977,-36685,19026,30917.5,32348.0,7.7,0.027,83335940,-575337,LOCKED,0.999969082000,42947673165014
42930,-42813060210715,-17724,37987,30916.8,32352.3,7.7,0.032,83335940,-554801,LOCKED,0.999969083000,42948673258093
42931,-42813060163649,-2679,53032,30975.6,31978.7,7.7,0.033,83335940,-533629,LOCKED,0.999969024000,42949673351113
42932,-42813060113394,14170,69881,31071.4,31560.7,7.6,0.036,83335940,-514150,LOCKED,0.999968929000,42950673428038
42933,-42813060074364,22170,77881,31032.4,31124.8,7.6,0.038,83335940,-505018,LOCKED,0.999968968000,42951673517001
42934,-42813060024698,39246,94957,31043.6,31260.9,7.5,0.040,83335940,-487968,LOCKED,0.999968956000,42952673588954
42935,-42813059990856,38636,94347,31146.8,31578.7,7.5,0.041,83335940,-483183,LOCKED,0.999968853000,42953673667803
42936,-42813059946578,47463,103174,31279.4,32002.4,7.5,0.043,83335940,-468824,LOCKED,0.999968721000,42954673750520
42937,-42813059910724,47601,103312,31418.2,32366.1,7.4,0.051,83335941,-461868,LOCKED,0.999968582000,42955673701102
42938,-42813059892017,31291,87002,31543.0,32191.1,7.4,0.052,83335940,-581084,LOCKED,0.999968457000,42956673797554
42939,-42813059940019,-46885,8826,31553.9,32013.4,7.4,0.054,83335940,-550056,LOCKED,0.999968446000,42957673877996
42940,-42813059896545,-32581,23130,31490.9,32314.5,7.6,0.061,83335941,-536306,LOCKED,0.999968509000,42958673946501
42941,-42813059860495,-25685,30026,31418.8,32434.6,8.3,0.072,83335942,-530684,LOCKED,0.999968581000,42959674026078
42942,-42813059824613,-19689,36022,31376.3,32538.6,8.4,0.076,83335941,-528691,LOCKED,0.999968624000,42960674107698
42943,-42813059778399,-5246,50465,31404.4,32417.7,8.5,0.080,83335941,-512696,LOCKED,0.999968596000,42961674191289
42944,-42813059733296,7429,63140,31442.4,32375.8,8.1,0.076,83335940,-492582,LOCKED,0.999968558000,42962674147846
42945,-42813059756412,-44776,10935,31401.3,32814.3,8.6,0.083,83335942,-552591,LOCKED,0.999968599000,42963674226441
42946,-42813059719170,-35198,20513,31276.2,32795.3,8.3,0.082,83335941,-543282,LOCKED,0.999968724000,42964674297161
42947,-42813059593275,54943,110654,31404.8,33540.2,8.3,0.083,83335941,-554247,LOCKED,0.999968595000,42965674360753
42948,-42813059579625,36179,91890,31394.1,33408.3,8.3,0.083,83335941,-569424,LOCKED,0.999968606000,42966674556351
42949,-42813059537210,43880,99591,31484.3,33920.1,8.3,0.083,83335941,-451565,LOCKED,0.999968516000,42967674513867
42950,-42813059597333,-43098,12613,31328.4,33855.1,8.7,0.085,83335942,-545128,LOCKED,0.999968672000,42968674588535
42951,-42813059562475,-38117,17594,31320.6,33942.5,8.7,0.084,83335941,-536496,LOCKED,0.999968679000,42969674672210
42952,-42813059522044,-28346,27365,31335.3,33793.1,8.8,0.086,83335941,-525505,LOCKED,0.999968665000,42970674753871
42953,-42813059474574,-9977,45734,31242.1,33307.6,8.8,0.084,83335941,-511197,LOCKED,0.999968758000,42971674826625
42954,-42813059468952,-32178,23533,31127.6,33290.4,8.8,0.084,83335940,-507148,LOCKED,0.999968872000,42972674913493
42955,-42813059397094,8571,64282,31112.4,33228.2,8.8,0.086,83335941,-492739,LOCKED,0.999968888000,42973674998377
42956,-42813059347788,25284,80995,31143.1,33388.4,8.9,0.087,83335941,-474103,LOCKED,0.999968857000,42974675084230
42957,-42813059310182,29299,85010,31214.6,33588.4,8.8,0.082,83335940,-464037,LOCKED,0.999968785000,42975675171011
42958,-42813059266299,38715,94426,31310.0,33930.3,8.8,0.077,83335941,-454196,LOCKED,0.999968690000,42976675251697
42959,-42813059231429,40134,95845,31348.4,34275.8,8.6,0.071,83335940,-447272,LOCKED,0.999968652000,42977675196349
42960,-42813059197323,41314,97025,31357.1,34379.0,8.7,0.071,83335940,-547836,LOCKED,0.999968643000,42978675285988
42961,-42813059253933,-45317,10394,31366.9,34233.5,8.7,0.071,83335940,-529865,LOCKED,0.999968633000,42979675366617
42962,-42813059217891,-39332,16379,31368.1,34219.4,8.7,0.071,83335940,-524256,LOCKED,0.999968632000,42980675442245
42963,-42813059186857,-35660,20051,31230.5,34068.0,8.7,0.072,83335940,-521262,LOCKED,0.999968769000,42981675516011
42964,-42813059150555,-27339,28372,31116.3,33882.5,8.7,0.072,83335940,-514190,LOCKED,0.999968884000,42982675595891
42965,-42813059111340,-17272,38439,31048.3,33837.9,8.6,0.064,83335940,-508331,LOCKED,0.999968952000,42983675680839
42966,-42813059077066,-12961,42750,31016.5,33876.3,8.6,0.064,83335940,-499919,LOCKED,0.999968984000,42984675757819
42967,-42813059043984,-9987,45724,30988.5,33893.7,8.4,0.076,83335940,-500065,LOCKED,0.999969012000,42985675840826
42968,-42813058997913,4633,60344,31003.5,33895.4,8.5,0.075,83335941,-479839,LOCKED,0.999968997000,42986675919819
42969,-42813058956471,13790,69501,31043.5,33924.9,8.5,0.077,83335940,-467801,LOCKED,0.999968956000,42987675994772
42970,-42813058905182,30750,86461,31153.8,33900.6,8.6,0.064,83335940,-451394,LOCKED,0.999968846000,42988676078614
42971,-42813058865551,35263,90974,31290.0,33749.7,8.6,0.053,83335940,-435911,LOCKED,0.999968710000,42989676158320
42972,-42813058823133,41563,97274,31458.2,33413.2,8.5,0.046,83335941,-426617,LOCKED,0.999968542000,42990676236858
# STATS: PDUs=177 CSV=176 Gaps=0 Dups=0 Skip=0 d_min=-55711 ns drift=31458.2 ns/s sigma=33413.2 ns state=LOCKED clk_err=+0 ns
42973,-42813058777047,50716,106427,31642.9,33298.9,8.4,0.038,83335941,-407817,LOCKED,0.999968357000,42991676244213
42974,-42813058806833,-10419,45292,31645.8,33288.6,8.4,0.029,83335940,-465675,LOCKED,0.999968354000,42992676214567
42975,-42813058801753,-33384,22327,31524.3,33240.9,8.5,0.021,83335940,-496483,LOCKED,0.999968476000,42993676296039
42976,-42813058757291,-18143,37568,31441.3,33095.1,8.3,0.009,83335941,-483129,LOCKED,0.999968559000,42994676376594
42977,-42813058713605,-4411,51300,31375.5,32794.0,8.3,0.012,83335941,-470298,LOCKED,0.999968624000,42995676454215
42978,-42813058671019,7486,63197,31329.3,32485.6,8.1,-0.007,83335941,-456514,LOCKED,0.999968671000,42996676528882
42979,-42813058627341,18987,74698,31339.3,32538.0,8.1,-0.013,83335940,-442601,LOCKED,0.999968661000,42997676615538
42980,-42813058556892,54157,109868,31442.8,33352.2,7.8,-0.002,83335941,-403291,LOCKED,0.999968557000,42998676555096
42981,-42813058542769,34463,90174,31502.1,33678.9,7.8,-0.006,83335940,-524434,LOCKED,0.999968498000,42999676631590
42982,-42813058527367,16868,72579,31547.5,33734.4,7.8,0.001,83335941,-525569,LOCKED,0.999968453000,43000676729038
42983,-42813058548317,-34006,21705,31524.3,33931.8,7.9,0.007,83335941,-487345,LOCKED,0.999968476000,43001676809510
42984,-42813058512983,-29571,26140,31542.9,33730.8,7.9,0.011,83335941,-470348,LOCKED,0.999968457000,43002676883963
42985,-42813058465985,-14743,40968,31598.3,33198.3,7.9,0.008,83335940,-466027,LOCKED,0.999968402000,43003676964361
42986,-42813058425539,-5564,47937,31591.3,33206.2,7.5,0.012,83335941,-453203,LOCKED,0.999968409000,43004677065765
42987,-42813058384069,5063,58564,31546.0,32947.6,7.5,0.015,83335941,-438046,LOCKED,0.999968454000,43005677155215
42988,-42813058313443,42735,96236,31544.0,32919.9,7.5,0.024,83335942,-401057,LOCKED,0.999968456000,43006677123670
42989,-42813058377957,-48432,5069,31384.2,33065.9,7.4,0.025,83335941,-494924,LOCKED,0.999968616000,43007677218281
42990,-42813058297079,1977,55478,31335.9,32823.1,7.4,0.021,83335940,-446441,LOCKED,0.999968664000,43008677311941
42991,-42813058246457,20406,73907,31344.1,32870.2,7.4,0.022,83335941,-425108,LOCKED,0.999968656000,43009677383593
42992,-42813058207791,25832,79333,31394.2,33054.7,7.4,0.018,83335940,-419001,LOCKED,0.999968606000,43010677456195
42993,-42813058168957,30724,84225,31468.3,33280.2,7.4,0.014,83335940,-404772,LOCKED,0.999968532000,43011677522723
42994,-42813058128535,36044,89545,31586.9,33363.2,7.4,0.010,83335940,-398650,LOCKED,0.999968413000,43012677592132
42995,-42813058093673,35517,89018,31714.7,33326.2,7.4,0.011,83335941,-392194,LOCKED,0.999968285000,43013677673413
42996,-42813058051995,40730,94231,31880.4,32983.3,7.8,0.003,83335939,-380078,LOCKED,0.999968120000,43014677637532
42997,-42813058125709,-62744,0,31880.8,32976.2,7.8,0.002,83335940,-485695,LOCKED,0.999968119000,43015677713647
42998,-42813058093463,-60053,2691,31866.5,33230.0,7.8,-0.002,83335940,-483355,LOCKED,0.999968134000,43016677788777
42999,-42813058055617,-49674,13070,31732.9,33716.5,7.8,-0.005,83335940,-478846,LOCKED,0.999968267000,43017677867040
43000,-42813058003495,-26769,35975,31653.8,33820.1,8.2,-0.009,83335939,-457840,LOCKED,0.999968346000,43018677953382
43001,-42813057967125,-20079,42665,31590.2,33858.5,8.2,-0.008,83335939,-450134,LOCKED,0.999968410000,43019678026788
43002,-42813057934054,-16931,45813,31536.4,33885.1,8.5,-0.010,83335939,-449493,LOCKED,0.999968464000,43020678111247
43003,-42813057892384,-6335,56409,31524.2,33895.9,8.5,-0.008,83335940,-435806,LOCKED,0.999968476000,43021678189719
43004,-42813057843314,10059,72803,31564.1,33879.7,8.7,-0.013,83335939,-417875,LOCKED,0.999968436000,43022678144155
43005,-42813057867234,-41112,21632,31420.6,33887.6,8.7,-0.009,83335939,-473159,LOCKED,0.999968579000,43023678232730
43006,-42813057821260,-23524,39220,31310.5,33618.3,8.9,-0.008,83335939,-456841,LOCKED,0.999968689000,43024678311416
43007,-42813057789361,-23170,39574,31360.7,33024.9,8.8,-0.005,83335940,-453075,LOCKED,0.999968639000,43025678386051
43008,-42813057751107,-16447,46297,31396.5,32719.9,9.0,-0.003,83335939,-445093,LOCKED,0.999968604000,43026678464651
43009,-42813057716653,-14180,48564,31459.0,32070.1,9.2,0.000,83335939,-441498,LOCKED,0.999968541000,43027678543188
43010,-42813057664555,7331,70075,31403.9,31650.4,8.9,0.011,83335939,-420684,LOCKED,0.999968596000,43028678632780
43011,-42813057620777,19683,82427,31372.2,31346.5,8.8,0.016,83335940,-406480,LOCKED,0.999968628000,43029678703404
43012,-42813057593658,15447,78191,31345.6,31140.1,8.9,0.023,83335939,-408609,LOCKED,0.999968654000,43030678777055
43013,-42813057572664,5300,68044,31326.7,31071.8,9.0,0.030,83335939,-399940,LOCKED,0.999968673000,43031678855724
43014,-42813057575810,-25852,36892,31206.4,30726.8,9.0,0.030,83335940,-389880,LOCKED,0.999968794000,43032678950513
43015,-42813057455880,58982,121726,31299.4,31743.3,8.8,0.039,83335940,-359559,LOCKED,0.999968701000,43033678924213
43016,-42813057520034,-34558,28186,31262.9,32034.0,8.8,0.050,83335939,-454244,LOCKED,0.999968737000,43034679019946
43017,-42813057470172,-15581,47163,31270.3,31990.9,8.8,0.052,83335940,-436643,LOCKED,0.999968730000,43035679107671
43018,-42813057416717,5066,67810,31337.5,31678.3,8.8,0.067,83335939,-412074,LOCKED,0.999968663000,43036679210329
43019,-42813057349311,37151,99895,31471.5,31631.2,8.9,0.073,83335939,-376799,LOCKED,0.999968529000,43037679299853
43020,-42813057308386,42042,104786,31625.8,31530.6,8.9,0.076,83335940,-360938,LOCKED,0.999968374000,43038679244227
43021,-42813057287139,30857,93601,31614.0,31395.7,8.9,0.081,83335940,-480353,LOCKED,0.999968386000,43039679343608
43022,-42813057336297,-45514,17230,31473.4,31650.0,8.9,0.074,83335940,-456156,LOCKED,0.999968527000,43040679429130
43023,-42813057300466,-37175,25569,31339.6,31606.2,8.9,0.070,83335940,-447976,LOCKED,0.999968660000,43041679506787
43024,-42813057264812,-29450,33294,31220.9,31432.4,8.9,0.083,83335941,-440319,LOCKED,0.999968779000,43042679595562
43025,-42813057210930,-5216,57528,31152.3,31100.7,8.9,0.081,83335940,-419903,LOCKED,0.999968848000,43043679682406
43026,-42813057165860,9248,71992,31110.0,30794.5,9.0,0.080,83335940,-400991,LOCKED,0.999968890000,43044679757292
43027,-42813057126038,17905,80649,31082.8,30555.8,9.2,0.066,83335939,-392312,LOCKED,0.999968917000,43045679826206
43028,-42813057097996,14567,77311,31073.2,30498.1,8.9,0.087,83335940,-395790,LOCKED,0.999968927000,43046679902129
43029,-42813057066325,14532,77276,31080.1,30528.0,9.2,0.078,83335939,-395042,LOCKED,0.999968920000,43047679987045
43030,-42813057019615,27887,90631,31145.4,30735.5,9.4,0.060,83335939,-379251,LOCKED,0.999968855000,43048680059896
43031,-42813056983417,30147,92891,31232.6,30893.3,9.4,0.057,83335940,-368192,LOCKED,0.999968767000,43049680139659
43032,-42813056949935,29184,91928,31341.8,30819.4,9.3,0.052,83335940,-367776,LOCKED,0.999968658000,43050680218313
# STATS: PDUs=237 CSV=236 Gaps=0 Dups=0 Skip=0 d_min=-62744 ns drift=31341.8 ns/s sigma=30819.4 ns state=LOCKED clk_err=+0 ns
43033,-42813056910496,33149,95893,31489.8,30359.2,9.3,0.037,83335939,-356521,LOCKED,0.999968510000,43051680226821
43034,-42813056942247,-27959,34785,31431.5,30587.2,9.5,0.027,83335939,-417169,LOCKED,0.999968568000,43052680309385
43035,-42813056840178,41004,103748,31445.6,30765.2,9.5,0.026,83335940,-346799,LOCKED,0.999968554000,43053680392935
43036,-42813056800703,46539,109283,31490.6,31280.0,9.5,0.017,83335939,-337965,LOCKED,0.999968509000,43054680346444
43037,-42813056783621,30321,93065,31529.1,31529.2,9.4,0.009,83335939,-458623,LOCKED,0.999968471000,43055680418911
43038,-42813056746971,33033,95777,31592.5,31843.8,9.2,0.009,83335940,-453373,LOCKED,0.999968408000,43056680502314
43039,-42813056805325,-53767,8977,31527.3,32592.1,9.2,0.010,83335940,-437947,LOCKED,0.999968473000,43057680592782
43040,-42813056745419,-25563,37181,31578.6,31921.1,9.0,0.012,83335940,-400346,LOCKED,0.999968421000,43058680671199
43041,-42813056714629,-25979,36765,31603.5,31647.6,9.0,0.013,83335940,-398050,LOCKED,0.999968396000,43059680750591
43042,-42813056675727,-18329,44415,31616.8,31549.9,8.8,0.014,83335940,-395670,LOCKED,0.999968383000,43060680839970
43043,-42813056617685,8421,71165,31586.8,31379.8,8.7,0.011,83335939,-370330,LOCKED,0.999968413000,43061680935379
43044,-42813056563035,30212,92956,31599.0,31488.9,8.6,0.009,83335939,-344558,LOCKED,0.999968401000,43062680907779
43045,-42813056517573,41488,104232,31657.0,31968.6,8.6,0.010,83335940,-435525,LOCKED,0.999968343000,43063680995118
43046,-42813056574338,-43925,18819,31582.3,32519.8,8.4,0.009,83335939,-416950,LOCKED,0.999968418000,43064681089531
43047,-42813056532656,-31949,30795,31543.3,32781.5,8.2,0.009,83335939,-403043,LOCKED,0.999968457000,43065681173984
43048,-42813056480410,-12125,50619,31606.7,32160.3,7.4,0.012,83335939,-385361,LOCKED,0.999968393000,43066681246373
43049,-42813056444736,-6038,56706,31517.5,31588.4,7.1,0.016,83335940,-380051,LOCKED,0.999968483000,43067681333851
43050,-42813056385690,20054,82798,31554.6,31705.2,7.1,0.015,83335939,-349524,LOCKED,0.999968445000,43068681400293
43051,-42813056354640,17578,80322,31622.3,31666.6,6.8,0.021,83335940,-346562,LOCKED,0.999968378000,43069681481667
43052,-42813056318377,19769,82513,31709.8,31515.5,6.8,0.021,83335939,-343342,LOCKED,0.999968290000,43070681559953
43053,-42813056279159,24168,86912,31822.5,31215.2,6.8,0.021,83335939,-333466,LOCKED,0.999968178000,43071681639127
43054,-42813056236909,30602,93346,31967.8,30678.7,6.8,0.022,83335939,-319873,LOCKED,0.999968032000,43072681588159
43055,-42813056217635,14745,77489,32098.8,29646.9,6.8,0.031,83335941,-441606,LOCKED,0.999967901000,43073681657056
43056,-42813056188129,8888,71632,32244.5,27907.5,6.8,0.028,83335939,-443685,LOCKED,0.999967755000,43074681733807
43057,-42813056156255,8839,71583,32214.0,27704.7,6.8,0.031,83335940,-442325,LOCKED,0.999967786000,43075681804589
43058,-42813056123188,9987,72731,32182.8,27480.8,7.1,0.036,83335941,-440517,LOCKED,0.999967817000,43076681997398
43059,-42813056083558,17089,79833,32171.3,27390.9,7.1,0.040,83335940,-327682,LOCKED,0.999967829000,43077681968226
43060,-42813056146676,-72957,0,32035.1,29120.4,7.1,0.037,83335939,-419404,LOCKED,0.999967965000,43078682052187
43061,-42813056106242,-60249,12708,31923.6,30244.5,7.1,0.035,83335940,-409191,LOCKED,0.999968076000,43079682136259
43062,-42813056069015,-51220,21737,31825.8,31027.8,7.4,0.033,83335941,-403135,LOCKED,0.999968174000,43080682209429
43063,-42813056029349,-40664,32293,31760.0,31512.4,7.4,0.036,83335939,-391341,LOCKED,0.999968240000,43081682293665
43064,-42813055985711,-27554,45403,31745.3,31626.4,7.4,0.033,83335940,-382483,LOCKED,0.999968255000,43082682375916
43065,-42813055888794,36375,109332,31745.8,31632.2,7.4,0.029,83335940,-312721,LOCKED,0.999968254000,43083682321170
43066,-42813055876712,16394,89351,31734.1,31555.1,7.7,0.024,83335941,-437489,LOCKED,0.999968266000,43084682398432
43067,-42813055865734,-3281,69676,31686.4,31390.3,7.9,0.027,83335941,-431425,LOCKED,0.999968314000,43085682487741
43068,-42813055892428,-57013,15944,31552.8,32226.1,7.9,0.021,83335940,-410758,LOCKED,0.999968447000,43086682558184
43069,-42813055865413,-56894,16063,31418.6,33031.9,8.1,0.013,83335941,-410422,LOCKED,0.999968581000,43087682622762
43070,-42813055830639,-49979,22978,31326.9,33720.5,8.3,0.003,83335941,-407983,LOCKED,0.999968673000,43088682700431
